product_id,name,brand,mrp,selling_price,inventory,unit,category,ingestion_time
Collection,Collection,,,,,,,2026-03-07 22:55:55.727843
35792,Super Store Gurgaon Sector 30 ES138,,,,,,,2026-03-07 22:55:55.727843
1487,Vegetables & Fruits,,,,,,,2026-03-07 22:55:55.727843
1489,Fresh Vegetables,,,,,,,2026-03-07 22:55:55.727843
1503,Fresh Fruits,,,,,,,2026-03-07 22:55:55.727843
1447,Mangoes & Melons,,,,,,,2026-03-07 22:55:55.727843
482,Seasonal,,,,,,,2026-03-07 22:55:55.727843
278,Exotics,,,,,,,2026-03-07 22:55:55.727843
395,Freshly Cut & Sprouts,,,,,,,2026-03-07 22:55:55.727843
157,Frozen Veg,,,,,,,2026-03-07 22:55:55.727843
172,Frozen Peas & Corn,,,,,,,2026-03-07 22:55:55.727843
222,Frozen Fruits & Vegetables,,,,,,,2026-03-07 22:55:55.727843
1871,Leafies & Herbs,,,,,,,2026-03-07 22:55:55.727843
742,Trusted Organic,,,,,,,2026-03-07 22:55:55.727843
1452,Flowers & Leaves,,,,,,,2026-03-07 22:55:55.727843
39,Hydroponic,,,,,,,2026-03-07 22:55:55.727843
928,Combo & Recipes,,,,,,,2026-03-07 22:55:55.727843
1941,Fresh Juice & Dips,,,,,,,2026-03-07 22:55:55.727843
3989,All Fruits & Vegetables,,,,,,,2026-03-07 22:55:55.727843
4320,Apples & Pears,,,,,,,2026-03-07 22:55:55.727843
14,Dairy & Breakfast,,,,,,,2026-03-07 22:55:55.727843
922,Milk,,,,,,,2026-03-07 22:55:55.727843
1185,Fresh Milk,,,,,,,2026-03-07 22:55:55.727843
1090,Poly Milk,,,,,,,2026-03-07 22:55:55.727843
37,Tetra Milk,,,,,,,2026-03-07 22:55:55.727843
1091,Speciality Milk,,,,,,,2026-03-07 22:55:55.727843
953,Bread & Pav,,,,,,,2026-03-07 22:55:55.727843
31,Milk & White Breads,,,,,,,2026-03-07 22:55:55.727843
1097,Speciality Breads,,,,,,,2026-03-07 22:55:55.727843
198,Brown & Multigrain Breads,,,,,,,2026-03-07 22:55:55.727843
1956,"Buns, Pavs & Pizza Base",,,,,,,2026-03-07 22:55:55.727843
477,Fresh Bakery,,,,,,,2026-03-07 22:55:55.727843
2633,Paratha & Chapati,,,,,,,2026-03-07 22:55:55.727843
1200,Eggs,,,,,,,2026-03-07 22:55:55.727843
1389,Farm-Fresh Eggs,,,,,,,2026-03-07 22:55:55.727843
1778,High Protein & Brown Eggs,,,,,,,2026-03-07 22:55:55.727843
954,Flakes & Kids Cereals,,,,,,,2026-03-07 22:55:55.728855
1098,Flakes,,,,,,,2026-03-07 22:55:55.728855
1739,Kid's Cereals,,,,,,,2026-03-07 22:55:55.728855
614,Muesli & Granola,,,,,,,2026-03-07 22:55:55.728855
613,Granola,,,,,,,2026-03-07 22:55:55.728855
1307,Muesli,,,,,,,2026-03-07 22:55:55.728855
584,Oats,,,,,,,2026-03-07 22:55:55.728855
32,Instant Oats,,,,,,,2026-03-07 22:55:55.728855
598,Rolled & Steel Cut Oats,,,,,,,2026-03-07 22:55:55.728855
923,Paneer & Tofu,,,,,,,2026-03-07 22:55:55.728855
950,Paneer,,,,,,,2026-03-07 22:55:55.728855
138,Tofu,,,,,,,2026-03-07 22:55:55.728855
123,Curd & Yogurt,,,,,,,2026-03-07 22:55:55.728855
949,Curd,,,,,,,2026-03-07 22:55:55.728855
1094,Yogurt,,,,,,,2026-03-07 22:55:55.728855
952,Butter & More,,,,,,,2026-03-07 22:55:55.728855
2253,Cheese,,,,,,,2026-03-07 22:55:55.728855
33,Cheese Block,,,,,,,2026-03-07 22:55:55.728855
3540,Cheese Cubes,,,,,,,2026-03-07 22:55:55.728855
3541,Cheese Slices,,,,,,,2026-03-07 22:55:55.728855
3542,Cheese Spread & More,,,,,,,2026-03-07 22:55:55.728855
3543,Diced Cheese,,,,,,,2026-03-07 22:55:55.728855
1092,Cream & Whitener,,,,,,,2026-03-07 22:55:55.728855
130,Condensed Milk,,,,,,,2026-03-07 22:55:55.728855
1140,Vermicelli,,,,,,,2026-03-07 22:55:55.728855
1295,"Poha, Daliya & Other Grains",,,,,,,2026-03-07 22:55:55.728855
1288,Poha,,,,,,,2026-03-07 22:55:55.728855
1298,Daliya,,,,,,,2026-03-07 22:55:55.728855
1299,Millets & Others,,,,,,,2026-03-07 22:55:55.728855
7845,Organic Poha & Other Grains,,,,,,,2026-03-07 22:55:55.728855
8377,Wheat Grains,,,,,,,2026-03-07 22:55:55.728855
644,Peanut Butter,,,,,,,2026-03-07 22:55:55.728855
1918,Creamy Peanut Butter,,,,,,,2026-03-07 22:55:55.728855
643,Crunchy Peanut Butter,,,,,,,2026-03-07 22:55:55.728855
2557,Energy Bars,,,,,,,2026-03-07 22:55:55.728855
2558,Nutrition Bars,,,,,,,2026-03-07 22:55:55.728855
152,Protein Bars,,,,,,,2026-03-07 22:55:55.728855
1184,"Lassi, Shakes & More",,,,,,,2026-03-07 22:55:55.729844
36,Flavoured Milk & Milk Shake,,,,,,,2026-03-07 22:55:55.729844
1093,Lassi & Chaach,,,,,,,2026-03-07 22:55:55.729844
1612,Breakfast Mixes,,,,,,,2026-03-07 22:55:55.729844
609,Honey & Chyawanprash,,,,,,,2026-03-07 22:55:55.729844
1135,Chyawanprash,,,,,,,2026-03-07 22:55:55.729844
610,Honey,,,,,,,2026-03-07 22:55:55.729844
7992,Organic Honey,,,,,,,2026-03-07 22:55:55.729844
1388,"Sausage, Salami & Ham",,,,,,,2026-03-07 22:55:55.729844
1366,"Frozen Sausage, Salami, Ham",,,,,,,2026-03-07 22:55:55.729844
1425,Batter,,,,,,,2026-03-07 22:55:55.729844
1237,Munchies,,,,,,,2026-03-07 22:55:55.729844
940,Chips & Crisps,,,,,,,2026-03-07 22:55:55.729844
26,Potato Chips,,,,,,,2026-03-07 22:55:55.729844
1177,Crisps & Puffs,,,,,,,2026-03-07 22:55:55.729844
1174,Assorted Crisps,,,,,,,2026-03-07 22:55:55.729844
1176,Healthy Crisps,,,,,,,2026-03-07 22:55:55.729844
107,Rusks & Wafers,,,,,,,2026-03-07 22:55:55.729844
316,Nachos,,,,,,,2026-03-07 22:55:55.729844
1178,Bhujia & Mixtures,,,,,,,2026-03-07 22:55:55.729844
156,Popcorn,,,,,,,2026-03-07 22:55:55.729844
29,Namkeen Snacks,,,,,,,2026-03-07 22:55:55.729844
816,Makhana & More,,,,,,,2026-03-07 22:55:55.729844
80,Papad & Fryums,,,,,,,2026-03-07 22:55:55.729844
2362,Imported Snacks,,,,,,,2026-03-07 22:55:55.729844
1694,Munchies Gift Packs,,,,,,,2026-03-07 22:55:55.729844
332,Cold Drinks & Juices,,,,,,,2026-03-07 22:55:55.730856
1323,Beverages Gift Packs,,,,,,,2026-03-07 22:55:55.730856
1102,Soft Drinks,,,,,,,2026-03-07 22:55:55.730856
1107,Cold Drink Cans,,,,,,,2026-03-07 22:55:55.730856
23,Cold Drink Bottles,,,,,,,2026-03-07 22:55:55.730856
1486,Non-Alcoholic Drinks,,,,,,,2026-03-07 22:55:55.730856
2666,Sparkling Drinks,,,,,,,2026-03-07 22:55:55.730856
955,Fruit Juice,,,,,,,2026-03-07 22:55:55.730856
367,Fruit Juices,,,,,,,2026-03-07 22:55:55.730856
1108,Mango Drinks,,,,,,,2026-03-07 22:55:55.731323
1318,Pure Juices,,,,,,,2026-03-07 22:55:55.731323
109,Concentrates & Syrups,,,,,,,2026-03-07 22:55:55.731323
24,"Syrups, Sharbat & Instant Mixes",,,,,,,2026-03-07 22:55:55.731323
1109,Herbal Drinks,,,,,,,2026-03-07 22:55:55.731323
91,Energy Drinks,,,,,,,2026-03-07 22:55:55.731323
19,Caffeinated Energy Drinks,,,,,,,2026-03-07 22:55:55.731323
640,Hydration Drinks,,,,,,,2026-03-07 22:55:55.731323
1594,Coconut Water,,,,,,,2026-03-07 22:55:55.731323
270,Water & Ice Cubes,,,,,,,2026-03-07 22:55:55.731323
22,Mineral Water,,,,,,,2026-03-07 22:55:55.731842
219,Ice Cubes,,,,,,,2026-03-07 22:55:55.731842
1953,Cold Coffee & Ice Tea,,,,,,,2026-03-07 22:55:55.731842
412,Cold Coffee,,,,,,,2026-03-07 22:55:55.731842
93,Ice Tea & Kombucha,,,,,,,2026-03-07 22:55:55.731842
1599,Soda & Mixers,,,,,,,2026-03-07 22:55:55.731842
1103,Cocktail Mixers,,,,,,,2026-03-07 22:55:55.731842
1600,Soda,,,,,,,2026-03-07 22:55:55.731842
4230,Tonic & Ale,,,,,,,2026-03-07 22:55:55.731842
2360,Imported Beverages,,,,,,,2026-03-07 22:55:55.731842
15,Instant & Frozen Food,,,,,,,2026-03-07 22:55:55.731842
962,Noodles,,,,,,,2026-03-07 22:55:55.731842
41,Instant Noodles,,,,,,,2026-03-07 22:55:55.731842
1138,Hakka Noodles,,,,,,,2026-03-07 22:55:55.731842
1139,Cup Noodles,,,,,,,2026-03-07 22:55:55.731842
1413,Frozen Veg Snacks,,,,,,,2026-03-07 22:55:55.731842
122,Frozen Potato Snacks,,,,,,,2026-03-07 22:55:55.731842
125,Vegetable Frozen Snacks,,,,,,,2026-03-07 22:55:55.732844
116,Frozen Veg Indian Breads,,,,,,,2026-03-07 22:55:55.732844
1412,Frozen Non-Veg Snacks,,,,,,,2026-03-07 22:55:55.732844
1449,Frozen Chicken Snacks,,,,,,,2026-03-07 22:55:55.732844
94,Frozen Seafood Snacks,,,,,,,2026-03-07 22:55:55.732844
514,Frozen Exotic Meat Snacks,,,,,,,2026-03-07 22:55:55.732844
86,Frozen Mutton Snacks,,,,,,,2026-03-07 22:55:55.732844
968,Pasta & More,,,,,,,2026-03-07 22:55:55.732844
963,Instant Pasta,,,,,,,2026-03-07 22:55:55.732844
1753,Pasta,,,,,,,2026-03-07 22:55:55.732844
965,Instant Mixes,,,,,,,2026-03-07 22:55:55.732844
1142,Breakfast & Instant Mixes,,,,,,,2026-03-07 22:55:55.732844
3464,Cake Mix,,,,,,,2026-03-07 22:55:55.732844
1752,Dessert Mixes,,,,,,,2026-03-07 22:55:55.732844
1770,Drink Mixes,,,,,,,2026-03-07 22:55:55.732844
3465,Pancake Mix,,,,,,,2026-03-07 22:55:55.732844
966,Spice Mixes,,,,,,,2026-03-07 22:55:55.732844
964,Soup,,,,,,,2026-03-07 22:55:55.732844
1294,Ready to Cook & Eat,,,,,,,2026-03-07 22:55:55.733857
40,Canned Food,,,,,,,2026-03-07 22:55:55.733857
1182,Heat & Eat,,,,,,,2026-03-07 22:55:55.733857
679,Ready to Cook,,,,,,,2026-03-07 22:55:55.733857
970,Dessert & Cake Mixes,,,,,,,2026-03-07 22:55:55.733857
1968,Herbs & Seasoning,,,,,,,2026-03-07 22:55:55.733857
1127,Plant Based Meat,,,,,,,2026-03-07 22:55:55.733857
2361,Imported Noodles & Pasta,,,,,,,2026-03-07 22:55:55.733857
12,"Tea, Coffee & Milk Drinks",,,,,,,2026-03-07 22:55:55.733857
957,Tea,,,,,,,2026-03-07 22:55:55.733857
25,Leaf & Dust Tea,,,,,,,2026-03-07 22:55:55.733857
1561,Black Tea,,,,,,,2026-03-07 22:55:55.733857
2479,Tea Premix,,,,,,,2026-03-07 22:55:55.733857
1322,Coffee,,,,,,,2026-03-07 22:55:55.733857
958,Instant Coffee,,,,,,,2026-03-07 22:55:55.733857
1589,Filter Coffee,,,,,,,2026-03-07 22:55:55.733857
720,Roasted & Ground Coffee,,,,,,,2026-03-07 22:55:55.733857
1105,Coffee Bags,,,,,,,2026-03-07 22:55:55.733857
960,Milk Drinks,,,,,,,2026-03-07 22:55:55.733857
1106,Chocolate Health Drinks,,,,,,,2026-03-07 22:55:55.733857
21,Health Drinks & Supplements,,,,,,,2026-03-07 22:55:55.733857
2186,Adult Milk Drinks,,,,,,,2026-03-07 22:55:55.733857
1605,Green & Flavoured Tea,,,,,,,2026-03-07 22:55:55.733857
1562,Exotic & Flavoured Tea,,,,,,,2026-03-07 22:55:55.733857
1104,Green Tea,,,,,,,2026-03-07 22:55:55.733857
90,Hot Chocolate,,,,,,,2026-03-07 22:55:55.734842
1495,Tea & Coffee Add-Ons,,,,,,,2026-03-07 22:55:55.734842
2463,Lactose Free Drink,,,,,,,2026-03-07 22:55:55.734842
2466,Almond Beverage,,,,,,,2026-03-07 22:55:55.734842
2465,Coconut Milk,,,,,,,2026-03-07 22:55:55.734842
2467,Oat Beverage,,,,,,,2026-03-07 22:55:55.734842
2464,Soy Beverage,,,,,,,2026-03-07 22:55:55.734842
2363,Imported Tea & Coffee,,,,,,,2026-03-07 22:55:55.734842
888,Bakery & Biscuits,,,,,,,2026-03-07 22:55:55.734842
2380,Biscuit Gift Pack,,,,,,,2026-03-07 22:55:55.734842
28,Cookies,,,,,,,2026-03-07 22:55:55.734842
3918,Bakery Cookies,,,,,,,2026-03-07 22:55:55.734842
3917,Packaged Cookies,,,,,,,2026-03-07 22:55:55.734842
105,Cream Biscuits,,,,,,,2026-03-07 22:55:55.734842
209,Glucose & Marie,,,,,,,2026-03-07 22:55:55.734842
7709,Glucose Biscuit,,,,,,,2026-03-07 22:55:55.734842
7710,Marie Biscuit,,,,,,,2026-03-07 22:55:55.734842
938,Healthy & Digestive,,,,,,,2026-03-07 22:55:55.734842
108,Cakes & Rolls,,,,,,,2026-03-07 22:55:55.734842
8344,Bakery Confectionary,,,,,,,2026-03-07 22:55:55.734842
7957,Croissant & Rolls,,,,,,,2026-03-07 22:55:55.734842
7959,Pound Cake,,,,,,,2026-03-07 22:55:55.734842
7958,Slice Cake,,,,,,,2026-03-07 22:55:55.734842
971,Baking Ingredients,,,,,,,2026-03-07 22:55:55.734842
144,Sweet & Salty,,,,,,,2026-03-07 22:55:55.734842
1959,Gourmet Bakery,,,,,,,2026-03-07 22:55:55.734842
9,Sweet Tooth,,,,,,,2026-03-07 22:55:55.734842
943,Indian Sweets,,,,,,,2026-03-07 22:55:55.734842
2379,Chocolate Gift Pack,,,,,,,2026-03-07 22:55:55.736362
183,Ice Cream & Frozen Dessert,,,,,,,2026-03-07 22:55:55.736362
20,Cups,,,,,,,2026-03-07 22:55:55.736362
9220,Cakes & Others,,,,,,,2026-03-07 22:55:55.736362
1035,Cones,,,,,,,2026-03-07 22:55:55.736362
1448,Sandwich & Cassata,,,,,,,2026-03-07 22:55:55.736362
914,Stick,,,,,,,2026-03-07 22:55:55.736362
1961,Tubs,,,,,,,2026-03-07 22:55:55.736362
1173,Chocolate Packs,,,,,,,2026-03-07 22:55:55.736362
944,Chocolates,,,,,,,2026-03-07 22:55:55.736362
1736,Chocolate Bars,,,,,,,2026-03-07 22:55:55.736362
1737,Filled Bars,,,,,,,2026-03-07 22:55:55.736362
1172,Wafer Chocolates,,,,,,,2026-03-07 22:55:55.736362
5432,Shaped Chocolates,,,,,,,2026-03-07 22:55:55.736362
1930,Candies & Gum,,,,,,,2026-03-07 22:55:55.736362
1931,Candies,,,,,,,2026-03-07 22:55:55.736362
1932,Chewing Gum,,,,,,,2026-03-07 22:55:55.736362
1289,Syrups,,,,,,,2026-03-07 22:55:55.736362
1933,Mouth Fresheners,,,,,,,2026-03-07 22:55:55.736362
106,Flavoured Yogurts,,,,,,,2026-03-07 22:55:55.736362
16,"Atta, Rice & Dal",,,,,,,2026-03-07 22:55:55.736362
1165,Atta,,,,,,,2026-03-07 22:55:55.736362
4130,Atta Assortment,,,,,,,2026-03-07 22:55:55.736362
4129,Multigrain Atta,,,,,,,2026-03-07 22:55:55.736362
7879,Organic Atta,,,,,,,2026-03-07 22:55:55.736362
4128,Sharbati Atta,,,,,,,2026-03-07 22:55:55.737384
1161,Rice,,,,,,,2026-03-07 22:55:55.737384
1164,Basmati,,,,,,,2026-03-07 22:55:55.737384
1192,Sonamasuri & Kolam,,,,,,,2026-03-07 22:55:55.737384
68,Rice Assortment,,,,,,,2026-03-07 22:55:55.737384
760,Local Rice,,,,,,,2026-03-07 22:55:55.737384
7887,Organic Rice & Rice Products,,,,,,,2026-03-07 22:55:55.737384
1010,"Toor, Urad & Chana",,,,,,,2026-03-07 22:55:55.737384
1195,Arhar,,,,,,,2026-03-07 22:55:55.737384
1197,Urad,,,,,,,2026-03-07 22:55:55.737384
1702,Chana,,,,,,,2026-03-07 22:55:55.737384
7884,"Organic Toor, Urad & Chana",,,,,,,2026-03-07 22:55:55.737384
1166,"Besan, Sooji & Maida",,,,,,,2026-03-07 22:55:55.737384
1193,Besan,,,,,,,2026-03-07 22:55:55.737384
1483,Maida,,,,,,,2026-03-07 22:55:55.737384
7880,"Organic Besan, Sooji & Maida",,,,,,,2026-03-07 22:55:55.737384
1194,Sooji,,,,,,,2026-03-07 22:55:55.737384
48,Millet & Other Flours,,,,,,,2026-03-07 22:55:55.737384
1573,"Rajma, Chhole & Others",,,,,,,2026-03-07 22:55:55.737384
1198,Rajma,,,,,,,2026-03-07 22:55:55.737384
1297,Soya,,,,,,,2026-03-07 22:55:55.737384
1009,Dried Peas & Others,,,,,,,2026-03-07 22:55:55.737384
8,Kabuli Chana,,,,,,,2026-03-07 22:55:55.737384
7885,"Organic Rajma, Chhole & Others",,,,,,,2026-03-07 22:55:55.737384
505,Moong & Masoor,,,,,,,2026-03-07 22:55:55.737384
1196,Moong,,,,,,,2026-03-07 22:55:55.737384
1296,Masoor,,,,,,,2026-03-07 22:55:55.738383
7886,Organic Moong & Masoor,,,,,,,2026-03-07 22:55:55.738383
1557,"Dry Fruits, Masala & Oil",,,,,,,2026-03-07 22:55:55.738383
917,Oil,,,,,,,2026-03-07 22:55:55.738383
1155,Health Oil,,,,,,,2026-03-07 22:55:55.738383
1153,Mustard Oil,,,,,,,2026-03-07 22:55:55.738383
1157,Sunflower Oil,,,,,,,2026-03-07 22:55:55.738383
1156,Soyabean Oil,,,,,,,2026-03-07 22:55:55.738383
1154,Olive Oil,,,,,,,2026-03-07 22:55:55.738383
1360,Sesame/Til Oil,,,,,,,2026-03-07 22:55:55.738383
46,Groundnut Oil,,,,,,,2026-03-07 22:55:55.738383
9385,Coconut Oil,,,,,,,2026-03-07 22:55:55.738383
7882,Organic Oil,,,,,,,2026-03-07 22:55:55.738383
1596,Rice Bran Oil,,,,,,,2026-03-07 22:55:55.738383
1160,Dry Fruits,,,,,,,2026-03-07 22:55:55.738383
1162,Cashews,,,,,,,2026-03-07 22:55:55.738383
45,Dry Fruit Assortment,,,,,,,2026-03-07 22:55:55.738383
8579,Almonds,,,,,,,2026-03-07 22:55:55.738383
3035,Flavoured Dry Fruits,,,,,,,2026-03-07 22:55:55.738383
7846,Organic Dry Fruits,,,,,,,2026-03-07 22:55:55.738383
1158,Ghee & Vanaspati,,,,,,,2026-03-07 22:55:55.738383
69,Desi Ghee,,,,,,,2026-03-07 22:55:55.738383
1159,Vanaspati,,,,,,,2026-03-07 22:55:55.738383
3037,Cow Ghee,,,,,,,2026-03-07 22:55:55.738383
7881,Organic Ghee,,,,,,,2026-03-07 22:55:55.738383
930,Whole Spices,,,,,,,2026-03-07 22:55:55.738383
7889,Organic Whole Spices,,,,,,,2026-03-07 22:55:55.738383
7888,Whole Spice,,,,,,,2026-03-07 22:55:55.738383
50,Powdered Spice,,,,,,,2026-03-07 22:55:55.739381
7891,Organic Powdered Spices,,,,,,,2026-03-07 22:55:55.739381
7890,Powder Spices,,,,,,,2026-03-07 22:55:55.739381
815,Dates & Seeds,,,,,,,2026-03-07 22:55:55.739381
1163,Seeds,,,,,,,2026-03-07 22:55:55.739381
1485,Dates,,,,,,,2026-03-07 22:55:55.739381
933,"Salt, Sugar & Jaggery",,,,,,,2026-03-07 22:55:55.739381
49,Sugar,,,,,,,2026-03-07 22:55:55.739381
934,Salt,,,,,,,2026-03-07 22:55:55.739381
1169,Sugar Free,,,,,,,2026-03-07 22:55:55.739381
1168,Jaggery & Others,,,,,,,2026-03-07 22:55:55.739381
7883,"Organic Salt, Sugar & Jaggery",,,,,,,2026-03-07 22:55:55.739381
1602,Dry Fruit Gift Packs,,,,,,,2026-03-07 22:55:55.739381
972,Sauces & Spreads,,,,,,,2026-03-07 22:55:55.739381
277,Tomato & Chilli Ketchup,,,,,,,2026-03-07 22:55:55.739381
259,Chilli Ketchup,,,,,,,2026-03-07 22:55:55.739381
1131,Tomato Ketchups,,,,,,,2026-03-07 22:55:55.739381
1045,Asian Sauces,,,,,,,2026-03-07 22:55:55.739381
501,Chilli Oil,,,,,,,2026-03-07 22:55:55.739381
1130,Chilli Sauce,,,,,,,2026-03-07 22:55:55.739381
407,Soy Sauce,,,,,,,2026-03-07 22:55:55.739381
625,Mayonnaise,,,,,,,2026-03-07 22:55:55.739381
612,Flavoured Mayonnaise,,,,,,,2026-03-07 22:55:55.739381
1101,Plain Mayonnaise,,,,,,,2026-03-07 22:55:55.739381
974,Jam & Spreads,,,,,,,2026-03-07 22:55:55.739381
35,Sandwich Spreads,,,,,,,2026-03-07 22:55:55.739381
978,Chocolate Spreads,,,,,,,2026-03-07 22:55:55.739381
975,Jams,,,,,,,2026-03-07 22:55:55.739381
1126,Indian Chutney & Pickle,,,,,,,2026-03-07 22:55:55.740381
1134,Mango & Lime Pickles,,,,,,,2026-03-07 22:55:55.740381
43,Pickle Assortment,,,,,,,2026-03-07 22:55:55.740381
1827,Chutney,,,,,,,2026-03-07 22:55:55.740381
89,Dips & Salad Dressings,,,,,,,2026-03-07 22:55:55.740381
7676,Dips,,,,,,,2026-03-07 22:55:55.740381
7540,Salad Dressing,,,,,,,2026-03-07 22:55:55.740381
1132,Table Sauces,,,,,,,2026-03-07 22:55:55.740381
929,Cooking Sauces & Vinegar,,,,,,,2026-03-07 22:55:55.740381
931,American Sauces,,,,,,,2026-03-07 22:55:55.740381
932,Cooking Paste & Others,,,,,,,2026-03-07 22:55:55.740381
44,Cooking Sauces,,,,,,,2026-03-07 22:55:55.740381
833,Asian Cooking Sauces,,,,,,,2026-03-07 22:55:55.740381
927,Italian Sauces,,,,,,,2026-03-07 22:55:55.740381
615,Vinegar,,,,,,,2026-03-07 22:55:55.740381
2365,Imported Spreads,,,,,,,2026-03-07 22:55:55.740381
4,"Chicken, Meat & Fish",,,,,,,2026-03-07 22:55:55.740381
1201,Fresh Meat,,,,,,,2026-03-07 22:55:55.740381
1362,Chicken,,,,,,,2026-03-07 22:55:55.740381
1367,Fresh Chicken,,,,,,,2026-03-07 22:55:55.740381
1392,Frozen Chicken,,,,,,,2026-03-07 22:55:55.740381
1363,Mutton,,,,,,,2026-03-07 22:55:55.740381
1369,Fresh Mutton,,,,,,,2026-03-07 22:55:55.740381
2519,Frozen Mutton,,,,,,,2026-03-07 22:55:55.740381
1361,Fish & Seafood,,,,,,,2026-03-07 22:55:55.740381
63,Fresh Fish & Seafood,,,,,,,2026-03-07 22:55:55.740381
1364,Frozen Fish & Seafood,,,,,,,2026-03-07 22:55:55.740381
67,Exotic Meat,,,,,,,2026-03-07 22:55:55.740381
229,Paan Corner,,,,,,,2026-03-07 22:55:55.741891
1948,Cigarettes,,,,,,,2026-03-07 22:55:55.741891
3466,Cigar,,,,,,,2026-03-07 22:55:55.741891
2517,Paan Masala,,,,,,,2026-03-07 22:55:55.741891
342,Paan,,,,,,,2026-03-07 22:55:55.741891
1497,Paan Masala Mix,,,,,,,2026-03-07 22:55:55.741891
1982,Rolling Needs,,,,,,,2026-03-07 22:55:55.741891
1453,Rolling Needs & Accessories,,,,,,,2026-03-07 22:55:55.741891
290,Smoking Cessation,,,,,,,2026-03-07 22:55:55.741891
173,Hookah Needs,,,,,,,2026-03-07 22:55:55.741891
78,Hookah Accessories,,,,,,,2026-03-07 22:55:55.741891
188,Hookah Consumables,,,,,,,2026-03-07 22:55:55.741891
8065,Hookah Flavor (Tobacco Free),,,,,,,2026-03-07 22:55:55.741891
7924,Ashtrays,,,,,,,2026-03-07 22:55:55.741891
7778,Lighters,,,,,,,2026-03-07 22:55:55.741891
7811,Non-Tobacco Blends,,,,,,,2026-03-07 22:55:55.741891
2518,Tobacco,,,,,,,2026-03-07 22:55:55.741891
175,Organic & Premium,,,,,,,2026-03-07 22:55:55.741891
799,Oil & Ghee,,,,,,,2026-03-07 22:55:55.741891
801,Flour,,,,,,,2026-03-07 22:55:55.741891
1937,"Dry Fruits, Nuts & Seeds",,,,,,,2026-03-07 22:55:55.741891
800,Pulses & Millets,,,,,,,2026-03-07 22:55:55.741891
1128,Premium Sauces & Spreads,,,,,,,2026-03-07 22:55:55.741891
6250,Premium Sauces,,,,,,,2026-03-07 22:55:55.741891
6251,Premium Spreads,,,,,,,2026-03-07 22:55:55.741891
803,Spices & Vinegar,,,,,,,2026-03-07 22:55:55.741891
1936,"Organic Salt, Sugar & Honey",,,,,,,2026-03-07 22:55:55.741891
1044,Chocolates & Candies,,,,,,,2026-03-07 22:55:55.741891
6241,Premium Candies,,,,,,,2026-03-07 22:55:55.741891
6242,Premium Chocolates,,,,,,,2026-03-07 22:55:55.741891
1935,Rice & Rice Products,,,,,,,2026-03-07 22:55:55.742916
939,Cookies & Wafers,,,,,,,2026-03-07 22:55:55.742916
1563,Tea & Coffee,,,,,,,2026-03-07 22:55:55.742916
6239,Premium Coffee,,,,,,,2026-03-07 22:55:55.742916
6240,Premium Tea,,,,,,,2026-03-07 22:55:55.742916
96,Breakfast Essentials,,,,,,,2026-03-07 22:55:55.742916
655,Beverages,,,,,,,2026-03-07 22:55:55.742916
7176,Premium Cold Coffee,,,,,,,2026-03-07 22:55:55.742916
6247,Premium Soft Drinks,,,,,,,2026-03-07 22:55:55.742916
82,Snacks & Munchies,,,,,,,2026-03-07 22:55:55.742916
946,Baking Essentials,,,,,,,2026-03-07 22:55:55.742916
6299,Instant Foods,,,,,,,2026-03-07 22:55:55.742916
6252,Premium Instant Food,,,,,,,2026-03-07 22:55:55.742916
7,Baby Care,,,,,,,2026-03-07 22:55:55.742916
1000,Diapers & More,,,,,,,2026-03-07 22:55:55.742916
84,Diapers,,,,,,,2026-03-07 22:55:55.742916
1001,Bathing Needs,,,,,,,2026-03-07 22:55:55.742916
996,Baby Wipes,,,,,,,2026-03-07 22:55:55.742916
1590,Baby Food,,,,,,,2026-03-07 22:55:55.742916
1593,Baby Food (0–6 M),,,,,,,2026-03-07 22:55:55.742916
1591,Baby Food (6-12 M),,,,,,,2026-03-07 22:55:55.742916
1592,Baby Food (12-18 M),,,,,,,2026-03-07 22:55:55.742916
1597,Baby Food (18-24 M),,,,,,,2026-03-07 22:55:55.742916
1598,Baby Food (24+ M),,,,,,,2026-03-07 22:55:55.742916
7541,Kids Cereals & Mixes,,,,,,,2026-03-07 22:55:55.742916
1002,Skin & Hair Care,,,,,,,2026-03-07 22:55:55.742916
169,Feeding Essentials,,,,,,,2026-03-07 22:55:55.742916
998,Oral & Nasal Care,,,,,,,2026-03-07 22:55:55.742916
597,Nursing,,,,,,,2026-03-07 22:55:55.742916
999,Baby Gifting & Toys,,,,,,,2026-03-07 22:55:55.742916
2899,Baby Gifting Hampers,,,,,,,2026-03-07 22:55:55.742916
85,Hygiene,,,,,,,2026-03-07 22:55:55.742916
1967,Mom Care Needs,,,,,,,2026-03-07 22:55:55.743909
997,Health & Safety,,,,,,,2026-03-07 22:55:55.743909
2933,Baby Accessories & Apparel,,,,,,,2026-03-07 22:55:55.743909
3664,Baby Accessories,,,,,,,2026-03-07 22:55:55.743909
3665,Kid's Upperwear,,,,,,,2026-03-07 22:55:55.743909
287,Pharma & Wellness,,,,,,,2026-03-07 22:55:55.743909
741,Sexual Wellness,,,,,,,2026-03-07 22:55:55.743909
3430,Adult Games,,,,,,,2026-03-07 22:55:55.743909
707,Condoms,,,,,,,2026-03-07 22:55:55.743909
9286,Delay Sprays & Wipes,,,,,,,2026-03-07 22:55:55.743909
3036,Enhancers,,,,,,,2026-03-07 22:55:55.743909
756,Lubricants,,,,,,,2026-03-07 22:55:55.743909
1350,Personal Body Massagers,,,,,,,2026-03-07 22:55:55.743909
8025,Test Kits,,,,,,,2026-03-07 22:55:55.743909
629,Adult Diapers,,,,,,,2026-03-07 22:55:55.743909
293,Health & Wellness Supplements,,,,,,,2026-03-07 22:55:55.743909
8645,Health & Nutrition Supplements,,,,,,,2026-03-07 22:55:55.743909
4479,Kid's Supplements,,,,,,,2026-03-07 22:55:55.743909
4480,Lifestyle Supplements,,,,,,,2026-03-07 22:55:55.743909
8646,Natural Supplements,,,,,,,2026-03-07 22:55:55.743909
8647,Sexual Supplements,,,,,,,2026-03-07 22:55:55.743909
4477,Skin & Hair Supplements,,,,,,,2026-03-07 22:55:55.743909
308,Protein and Workout Supplements,,,,,,,2026-03-07 22:55:55.743909
4058,Protein Supplements,,,,,,,2026-03-07 22:55:55.743909
306,Workout Supplements,,,,,,,2026-03-07 22:55:55.743909
1121,Antiseptic Liquid,,,,,,,2026-03-07 22:55:55.743909
1826,Masks & Sanitizers,,,,,,,2026-03-07 22:55:55.743909
189,Hangover Cure,,,,,,,2026-03-07 22:55:55.743909
7275,Prescription Medicines,,,,,,,2026-03-07 22:55:55.743909
7388,Allergy Medicines,,,,,,,2026-03-07 22:55:55.743909
7379,Anti-Microbial Medicines,,,,,,,2026-03-07 22:55:55.744926
7382,"Cough, Cold And Fever Medicines",,,,,,,2026-03-07 22:55:55.744926
7381,Derma Medicines,,,,,,,2026-03-07 22:55:55.744926
7376,Diabetes Medicines,,,,,,,2026-03-07 22:55:55.744926
7384,Eye & Ear Medicines,,,,,,,2026-03-07 22:55:55.744926
7385,Gynaecology Medicines,,,,,,,2026-03-07 22:55:55.744926
7375,Heart Medicines,,,,,,,2026-03-07 22:55:55.744926
7380,Neuro Medicines,,,,,,,2026-03-07 22:55:55.744926
7391,Oral Care Medicines,,,,,,,2026-03-07 22:55:55.744926
7389,Others Medicines,,,,,,,2026-03-07 22:55:55.744926
7383,Pain Relief Medicines,,,,,,,2026-03-07 22:55:55.744926
7387,Respiratory Medicines,,,,,,,2026-03-07 22:55:55.744926
7386,Sexual Wellness Medicines,,,,,,,2026-03-07 22:55:55.744926
7377,Stomach Medicines,,,,,,,2026-03-07 22:55:55.744926
7378,"Vitamins, Mineral & Supplements",,,,,,,2026-03-07 22:55:55.744926
7342,Non-Prescription Medicines,,,,,,,2026-03-07 22:55:55.744926
7397,Anti-microbial Non-Rx Drugs,,,,,,,2026-03-07 22:55:55.744926
7399,"Cough, Cold, Fever Non-Rx Drugs",,,,,,,2026-03-07 22:55:55.744926
7398,Derma Non-Rx Drugs,,,,,,,2026-03-07 22:55:55.744926
7393,Diabetes Non-Rx Drugs,,,,,,,2026-03-07 22:55:55.744926
7401,Eye & Ear Non-Rx Drugs,,,,,,,2026-03-07 22:55:55.744926
7402,Gynaecology Non-Rx Drugs,,,,,,,2026-03-07 22:55:55.744926
7392,Heart Non-Rx Drugs,,,,,,,2026-03-07 22:55:55.744926
7396,Neuro Non-Rx Drugs,,,,,,,2026-03-07 22:55:55.744926
7441,Oral Care Non-Rx Drugs,,,,,,,2026-03-07 22:55:55.744926
7407,Other Non-Rx Drugs,,,,,,,2026-03-07 22:55:55.744926
7400,Pain Relief Non-Rx Drugs,,,,,,,2026-03-07 22:55:55.744926
7404,Respiratory Non-Rx Drugs,,,,,,,2026-03-07 22:55:55.744926
7403,Sexual Wellness Non-Rx Drugs,,,,,,,2026-03-07 22:55:55.744926
7394,Stomach Non-Rx Drugs,,,,,,,2026-03-07 22:55:55.744926
7395,Vitamins Supplements OTX drugs,,,,,,,2026-03-07 22:55:55.744926
8713,Pure OTC,,,,,,,2026-03-07 22:55:55.744926
75,Cough & Cold,,,,,,,2026-03-07 22:55:55.744926
3255,Digestive Needs,,,,,,,2026-03-07 22:55:55.744926
3841,Eye Care,,,,,,,2026-03-07 22:55:55.744926
3251,ORS,,,,,,,2026-03-07 22:55:55.744926
3840,Oral Health,,,,,,,2026-03-07 22:55:55.744926
289,Other OTC,,,,,,,2026-03-07 22:55:55.744926
4482,Pain Relief,,,,,,,2026-03-07 22:55:55.744926
4483,Wound Care,,,,,,,2026-03-07 22:55:55.744926
8746,Health & Ortho Supports,,,,,,,2026-03-07 22:55:55.745930
9253,Healthcare Accessories,,,,,,,2026-03-07 22:55:55.745930
62,Healthcare Devices,,,,,,,2026-03-07 22:55:55.745930
4481,Orthopaedic Supports,,,,,,,2026-03-07 22:55:55.745930
18,Cleaning Essentials,,,,,,,2026-03-07 22:55:55.745930
985,Fabric Conditioner & Additives,,,,,,,2026-03-07 22:55:55.745930
4640,Fabric Conditioners,,,,,,,2026-03-07 22:55:55.745930
4641,Fabric Stiffener & Disinfectants,,,,,,,2026-03-07 22:55:55.745930
4642,Stain Remover & Whiteners,,,,,,,2026-03-07 22:55:55.745930
51,Floor & Surface Cleaners,,,,,,,2026-03-07 22:55:55.745930
4644,Drain Cleaners,,,,,,,2026-03-07 22:55:55.745930
4645,Floor Cleaners and Phenyl,,,,,,,2026-03-07 22:55:55.745930
4646,Glass Cleaners,,,,,,,2026-03-07 22:55:55.745930
4647,Kitchen Cleaners,,,,,,,2026-03-07 22:55:55.745930
4657,Shower and Tap Cleaners,,,,,,,2026-03-07 22:55:55.745930
4660,Wood & Metal Cleaners,,,,,,,2026-03-07 22:55:55.745930
987,Toilet & Bathroom Cleaners,,,,,,,2026-03-07 22:55:55.745930
4651,Bathroom Cleaners,,,,,,,2026-03-07 22:55:55.745930
4652,Toilet Cleaner Block,,,,,,,2026-03-07 22:55:55.745930
4653,Toilet Cleaners,,,,,,,2026-03-07 22:55:55.745930
1085,Fresheners,,,,,,,2026-03-07 22:55:55.745930
982,Air Fresheners,,,,,,,2026-03-07 22:55:55.745930
1089,Car Fresheners,,,,,,,2026-03-07 22:55:55.745930
3576,Home Fragrances,,,,,,,2026-03-07 22:55:55.745930
983,Detergent Powder & Bars,,,,,,,2026-03-07 22:55:55.745930
54,Detergent Powders,,,,,,,2026-03-07 22:55:55.745930
984,Detergent Bars,,,,,,,2026-03-07 22:55:55.745930
3875,Matic Detergent Powders,,,,,,,2026-03-07 22:55:55.745930
1078,Dishwashing Gels & Tablets,,,,,,,2026-03-07 22:55:55.745930
4636,Dishwasher Tabs & Aids,,,,,,,2026-03-07 22:55:55.745930
4637,Dishwashing Gels,,,,,,,2026-03-07 22:55:55.745930
4638,Dishwashing Powders,,,,,,,2026-03-07 22:55:55.745930
1082,Cleaning Tools,,,,,,,2026-03-07 22:55:55.745930
1280,Brooms & Mops,,,,,,,2026-03-07 22:55:55.745930
1283,Cleaning Accessories,,,,,,,2026-03-07 22:55:55.745930
1271,Wipers,,,,,,,2026-03-07 22:55:55.745930
988,Dishwashing Bars & Tubs,,,,,,,2026-03-07 22:55:55.746930
3878,Dishwashing Bars,,,,,,,2026-03-07 22:55:55.746930
3881,Dishwashing Tubs,,,,,,,2026-03-07 22:55:55.746930
1784,Disinfectants,,,,,,,2026-03-07 22:55:55.746930
1874,Disinfectant Sprays,,,,,,,2026-03-07 22:55:55.746930
1983,Multi-Purpose Disinfectants,,,,,,,2026-03-07 22:55:55.746930
986,Dishwashing Accessories,,,,,,,2026-03-07 22:55:55.746930
4654,Dishwashing Additives,,,,,,,2026-03-07 22:55:55.746930
4655,Dishwashing Tools,,,,,,,2026-03-07 22:55:55.746930
3877,Scrubs & Cleaning Aids,,,,,,,2026-03-07 22:55:55.746930
57,Shoe Care,,,,,,,2026-03-07 22:55:55.746930
1833,Garbage Bags,,,,,,,2026-03-07 22:55:55.746930
4635,Household Appliance Cleaners,,,,,,,2026-03-07 22:55:55.746930
3882,Liquid Detergents,,,,,,,2026-03-07 22:55:55.746930
3883,Matic Liquid Detergent,,,,,,,2026-03-07 22:55:55.746930
4650,Non-Matic Liquid Detergents,,,,,,,2026-03-07 22:55:55.746930
3884,Winter Liquid Detergent,,,,,,,2026-03-07 22:55:55.746930
926,Repellents,,,,,,,2026-03-07 22:55:55.746930
1080,Mosquito Repellents,,,,,,,2026-03-07 22:55:55.746930
1081,Repellent Sprays,,,,,,,2026-03-07 22:55:55.746930
56,Pests & Birds Repellents,,,,,,,2026-03-07 22:55:55.746930
1379,Home Furnishing & Decor,,,,,,,2026-03-07 22:55:55.746930
1048,Spiritual & Religious Needs,,,,,,,2026-03-07 22:55:55.746930
55,Incense Sticks & Cones,,,,,,,2026-03-07 22:55:55.746930
4631,Festive Decoration,,,,,,,2026-03-07 22:55:55.746930
2291,Fresh Pooja Needs,,,,,,,2026-03-07 22:55:55.746930
4626,"Idols, Photos & Dresses",,,,,,,2026-03-07 22:55:55.746930
2966,Namaz Essentials,,,,,,,2026-03-07 22:55:55.746930
4628,Pooja Accessories,,,,,,,2026-03-07 22:55:55.746930
4629,Pooja Books and Audios,,,,,,,2026-03-07 22:55:55.746930
2468,Pooja Gifting,,,,,,,2026-03-07 22:55:55.746930
4627,Pooja Samagri,,,,,,,2026-03-07 22:55:55.746930
126,Party Essentials,,,,,,,2026-03-07 22:55:55.747926
1479,Birthday Celebrations,,,,,,,2026-03-07 22:55:55.747926
3770,Bar Accessories,,,,,,,2026-03-07 22:55:55.747926
3771,Party Decor,,,,,,,2026-03-07 22:55:55.747926
3773,Props,,,,,,,2026-03-07 22:55:55.747926
1433,Home Decor,,,,,,,2026-03-07 22:55:55.747926
1836,Aroma & Candles,,,,,,,2026-03-07 22:55:55.747926
1472,Candles & Diyas,,,,,,,2026-03-07 22:55:55.747926
8854,Dried & Crochet Flowers,,,,,,,2026-03-07 22:55:55.747926
6905,Fridge Magnets,,,,,,,2026-03-07 22:55:55.747926
6472,Table Decor,,,,,,,2026-03-07 22:55:55.747926
6473,Temple Decor,,,,,,,2026-03-07 22:55:55.747926
6474,Wall Decor,,,,,,,2026-03-07 22:55:55.747926
1674,Festive & Occasion Needs,,,,,,,2026-03-07 22:55:55.747926
1451,Holi Essentials,,,,,,,2026-03-07 22:55:55.747926
81,Wedding Needs,,,,,,,2026-03-07 22:55:55.747926
1478,Christmas & New Year,,,,,,,2026-03-07 22:55:55.747926
1477,Diwali Needs,,,,,,,2026-03-07 22:55:55.747926
211,Festive Assortment,,,,,,,2026-03-07 22:55:55.747926
389,Festive Gifting,,,,,,,2026-03-07 22:55:55.747926
834,Rakhi Specials,,,,,,,2026-03-07 22:55:55.747926
1075,Tissues & Disposables,,,,,,,2026-03-07 22:55:55.747926
52,Toilet & Other Disposables,,,,,,,2026-03-07 22:55:55.747926
113,Kitchen & Dining Disposables,,,,,,,2026-03-07 22:55:55.747926
6508,Disposable Packaging Needs,,,,,,,2026-03-07 22:55:55.747926
1014,Bathroom Essentials,,,,,,,2026-03-07 22:55:55.747926
1284,Buckets & Mugs,,,,,,,2026-03-07 22:55:55.747926
1399,Bathroom Accessories,,,,,,,2026-03-07 22:55:55.747926
1286,Laundry Needs,,,,,,,2026-03-07 22:55:55.747926
1287,Towels,,,,,,,2026-03-07 22:55:55.747926
1992,Sports & Fitness,,,,,,,2026-03-07 22:55:55.747926
2000,Cricket,,,,,,,2026-03-07 22:55:55.747926
1999,Fitness Equipments,,,,,,,2026-03-07 22:55:55.747926
5948,"Football, Basketball & Others",,,,,,,2026-03-07 22:55:55.747926
5943,Gym Gear & Wearables,,,,,,,2026-03-07 22:55:55.748923
5945,Indoor Sports,,,,,,,2026-03-07 22:55:55.748923
3657,Kid's Swimwear,,,,,,,2026-03-07 22:55:55.748923
5949,Outdoor Activities,,,,,,,2026-03-07 22:55:55.748923
5950,Racket Sports,,,,,,,2026-03-07 22:55:55.748923
1832,Swimming Accessories,,,,,,,2026-03-07 22:55:55.748923
3662,Women’s Swimwear,,,,,,,2026-03-07 22:55:55.748923
5944,Yoga,,,,,,,2026-03-07 22:55:55.748923
1415,Car & Bike Care,,,,,,,2026-03-07 22:55:55.748923
6402,Car & Bike Accessories,,,,,,,2026-03-07 22:55:55.748923
6403,Engine Care,,,,,,,2026-03-07 22:55:55.748923
9154,"Paints, Cleaners and Polishes",,,,,,,2026-03-07 22:55:55.748923
1025,Home Improvement,,,,,,,2026-03-07 22:55:55.748923
6437,DIYs Tools,,,,,,,2026-03-07 22:55:55.748923
4364,Kitchen & Bath Fixtures,,,,,,,2026-03-07 22:55:55.748923
8680,Locks,,,,,,,2026-03-07 22:55:55.748923
6438,Plumbing & Maintenance Needs,,,,,,,2026-03-07 22:55:55.748923
1401,Storage Solutions,,,,,,,2026-03-07 22:55:55.748923
6366,"Flowers, Plants & Gardening",,,,,,,2026-03-07 22:55:55.748923
4489,Artificial Flowers & Plants,,,,,,,2026-03-07 22:55:55.748923
1429,Bouquets,,,,,,,2026-03-07 22:55:55.748923
1777,Gardening,,,,,,,2026-03-07 22:55:55.748923
755,Plants,,,,,,,2026-03-07 22:55:55.748923
2522,Home Furnishing,,,,,,,2026-03-07 22:55:55.748923
1191,"Bedsheets, Mattresses & Covers",,,,,,,2026-03-07 22:55:55.748923
1378,"Blankets, Quilts & Covers",,,,,,,2026-03-07 22:55:55.748923
1405,Compact Furniture,,,,,,,2026-03-07 22:55:55.748923
1441,"Cushion, Fillers & Covers",,,,,,,2026-03-07 22:55:55.748923
360,Floor Mats & Door Mats,,,,,,,2026-03-07 22:55:55.748923
1443,"Rugs, Carpets & Runners",,,,,,,2026-03-07 22:55:55.748923
8887,Travel Cards,,,,,,,2026-03-07 22:55:55.748923
8888,NCMC Cards,,,,,,,2026-03-07 22:55:55.748923
163,Personal Care,,,,,,,2026-03-07 22:55:55.749922
690,Face & Body Moisturizers,,,,,,,2026-03-07 22:55:55.749922
165,Body Lotions,,,,,,,2026-03-07 22:55:55.749922
708,Body Oil & Others,,,,,,,2026-03-07 22:55:55.749922
164,Face Moisturisers,,,,,,,2026-03-07 22:55:55.749922
710,Bath & Beauty Gifts,,,,,,,2026-03-07 22:55:55.749922
723,Feminine Care,,,,,,,2026-03-07 22:55:55.749922
706,Sanitary Pads,,,,,,,2026-03-07 22:55:55.749922
352,Menstrual Cups,,,,,,,2026-03-07 22:55:55.749922
190,Pantyliners,,,,,,,2026-03-07 22:55:55.749922
1791,Intimate Hygiene & Care,,,,,,,2026-03-07 22:55:55.749922
1351,Period Panty,,,,,,,2026-03-07 22:55:55.749922
3038,Tampons,,,,,,,2026-03-07 22:55:55.749922
703,Women's Hair Removal,,,,,,,2026-03-07 22:55:55.749922
722,Oral Care,,,,,,,2026-03-07 22:55:55.749922
61,Toothpaste,,,,,,,2026-03-07 22:55:55.749922
724,Toothbrush,,,,,,,2026-03-07 22:55:55.749922
725,Mouthwash & Spray,,,,,,,2026-03-07 22:55:55.749922
363,Oral Care Essentials,,,,,,,2026-03-07 22:55:55.749922
699,Handwash,,,,,,,2026-03-07 22:55:55.749922
1117,Face Cleaning,,,,,,,2026-03-07 22:55:55.749922
697,Face Wash,,,,,,,2026-03-07 22:55:55.749922
6104,Face Cleansers,,,,,,,2026-03-07 22:55:55.749922
6105,Face Scrubs,,,,,,,2026-03-07 22:55:55.749922
692,Men's Grooming,,,,,,,2026-03-07 22:55:55.749922
705,Men's Pre & Post Shave,,,,,,,2026-03-07 22:55:55.749922
1782,Men's Essentials,,,,,,,2026-03-07 22:55:55.749922
347,Beard Care & Moustache,,,,,,,2026-03-07 22:55:55.749922
6138,Men's Hair Removal,,,,,,,2026-03-07 22:55:55.749922
6139,Men's Hair Styling,,,,,,,2026-03-07 22:55:55.749922
454,Men's Razors & Cartridges,,,,,,,2026-03-07 22:55:55.749922
752,Sunscreen,,,,,,,2026-03-07 22:55:55.749922
691,Hair Care,,,,,,,2026-03-07 22:55:55.749922
280,Conditioners,,,,,,,2026-03-07 22:55:55.749922
1016,"Hair Oil, Cream & Scrubs",,,,,,,2026-03-07 22:55:55.749922
268,Shampoos,,,,,,,2026-03-07 22:55:55.750929
310,Shampoos & Conditioners,,,,,,,2026-03-07 22:55:55.750929
1115,Deodorant & Talc,,,,,,,2026-03-07 22:55:55.750929
694,Roll On,,,,,,,2026-03-07 22:55:55.750929
1124,Talc Powder,,,,,,,2026-03-07 22:55:55.750929
1116,Deodorant,,,,,,,2026-03-07 22:55:55.750929
147,Pocket Perfume,,,,,,,2026-03-07 22:55:55.750929
1893,Women's Grooming,,,,,,,2026-03-07 22:55:55.750929
309,After Shave,,,,,,,2026-03-07 22:55:55.750929
339,Women's Razors & Cartridges,,,,,,,2026-03-07 22:55:55.750929
696,Bathing Soaps,,,,,,,2026-03-07 22:55:55.750929
981,Shower Gels & Body Wash,,,,,,,2026-03-07 22:55:55.750929
5841,Bathing,,,,,,,2026-03-07 22:55:55.750929
269,Bath Salts & Scrubs,,,,,,,2026-03-07 22:55:55.750929
5,Pet Care,,,,,,,2026-03-07 22:55:55.751926
3609,Accessories & Other Supplies,,,,,,,2026-03-07 22:55:55.751926
3987,Aquarium Accessories,,,,,,,2026-03-07 22:55:55.751926
3707,Other Accessories,,,,,,,2026-03-07 22:55:55.751926
3701,Pet Clothing,,,,,,,2026-03-07 22:55:55.751926
3706,Pet Hygiene,,,,,,,2026-03-07 22:55:55.751926
3702,Walk Time Accessories,,,,,,,2026-03-07 22:55:55.751926
3715,Cat Needs,,,,,,,2026-03-07 22:55:55.751926
3716,Adult Cat Food,,,,,,,2026-03-07 22:55:55.751926
3719,Cat Food Toppers,,,,,,,2026-03-07 22:55:55.751926
991,Cat Litter,,,,,,,2026-03-07 22:55:55.751926
3720,Cat Toys,,,,,,,2026-03-07 22:55:55.751926
291,Cat Treat,,,,,,,2026-03-07 22:55:55.751926
3717,Kitten Food,,,,,,,2026-03-07 22:55:55.751926
3721,Diverse Pet Food,,,,,,,2026-03-07 22:55:55.751926
3723,Fish Food,,,,,,,2026-03-07 22:55:55.751926
3726,Dog Needs,,,,,,,2026-03-07 22:55:55.751926
133,Adult Dog Food,,,,,,,2026-03-07 22:55:55.751926
3728,Dog Food Toppers,,,,,,,2026-03-07 22:55:55.751926
992,Dog Health & Supplements,,,,,,,2026-03-07 22:55:55.751926
3729,Dog Toys,,,,,,,2026-03-07 22:55:55.751926
227,Dog Treat,,,,,,,2026-03-07 22:55:55.751926
3727,Puppy Dog Food,,,,,,,2026-03-07 22:55:55.751926
3731,Pet Grooming,,,,,,,2026-03-07 22:55:55.751926
3732,Fur & Skin Care,,,,,,,2026-03-07 22:55:55.751926
3733,Grooming Accessories,,,,,,,2026-03-07 22:55:55.751926
13,Beauty & Cosmetics,,,,,,,2026-03-07 22:55:55.751926
206,Body & Skin Care,,,,,,,2026-03-07 22:55:55.751926
5842,Body Polish & Exfoliators,,,,,,,2026-03-07 22:55:55.751926
272,Body Treatment Cream & Roll On,,,,,,,2026-03-07 22:55:55.751926
374,Essential Oil & More,,,,,,,2026-03-07 22:55:55.751926
1555,Hand & Foot Care,,,,,,,2026-03-07 22:55:55.751926
187,Eye Makeup,,,,,,,2026-03-07 22:55:55.751926
186,Eye Accessories,,,,,,,2026-03-07 22:55:55.751926
99,Eye Shadow & Primer,,,,,,,2026-03-07 22:55:55.752923
103,Eyebrow Pencil & Enhancers,,,,,,,2026-03-07 22:55:55.752923
100,Eyeliner,,,,,,,2026-03-07 22:55:55.752923
101,Kajal,,,,,,,2026-03-07 22:55:55.752923
102,Mascara,,,,,,,2026-03-07 22:55:55.752923
38,Face Care,,,,,,,2026-03-07 22:55:55.752923
6036,Acne & Blackhead Fixers,,,,,,,2026-03-07 22:55:55.752923
145,Day & Night Creams,,,,,,,2026-03-07 22:55:55.752923
6037,Face Gels & Treatment Creams,,,,,,,2026-03-07 22:55:55.752923
161,Face Masks & Packs,,,,,,,2026-03-07 22:55:55.752923
119,"Face Oil, Serum & Essence",,,,,,,2026-03-07 22:55:55.752923
1305,Face Wipes,,,,,,,2026-03-07 22:55:55.752923
344,Facial Kits & Bleach,,,,,,,2026-03-07 22:55:55.752923
261,Makeup Remover & Wipes,,,,,,,2026-03-07 22:55:55.752923
240,Toners & Mists,,,,,,,2026-03-07 22:55:55.752923
98,Face Cosmetics,,,,,,,2026-03-07 22:55:55.752923
215,Blush & Highlighter,,,,,,,2026-03-07 22:55:55.752923
218,Compact,,,,,,,2026-03-07 22:55:55.752923
213,Concealer,,,,,,,2026-03-07 22:55:55.752923
248,Contour & Bronzer,,,,,,,2026-03-07 22:55:55.752923
207,Foundation,,,,,,,2026-03-07 22:55:55.752923
149,Makeup Accessories,,,,,,,2026-03-07 22:55:55.752923
935,Makeup Fixer,,,,,,,2026-03-07 22:55:55.752923
214,Primer,,,,,,,2026-03-07 22:55:55.752923
208,Tinted Face Creams,,,,,,,2026-03-07 22:55:55.752923
204,Fragrance,,,,,,,2026-03-07 22:55:55.752923
754,Men's Fragrance,,,,,,,2026-03-07 22:55:55.752923
753,Women's Fragrance,,,,,,,2026-03-07 22:55:55.752923
205,Gift & Kits,,,,,,,2026-03-07 22:55:55.752923
393,Bath & Body Gifts,,,,,,,2026-03-07 22:55:55.752923
732,Beauty Gifts,,,,,,,2026-03-07 22:55:55.752923
588,Fragrance Gift Set,,,,,,,2026-03-07 22:55:55.752923
6028,Hair Care Kit,,,,,,,2026-03-07 22:55:55.752923
6026,Skin Care Kit,,,,,,,2026-03-07 22:55:55.752923
77,Hair Styling & Treatment,,,,,,,2026-03-07 22:55:55.753924
223,Dry Shampoo,,,,,,,2026-03-07 22:55:55.753924
247,Hair Colour,,,,,,,2026-03-07 22:55:55.753924
245,Hair Serums,,,,,,,2026-03-07 22:55:55.753924
246,"Hair Sprays, Gels & Creams",,,,,,,2026-03-07 22:55:55.753924
159,Hair Tools & Accessories,,,,,,,2026-03-07 22:55:55.753924
6031,Hair Treatments,,,,,,,2026-03-07 22:55:55.753924
30,Lip & Eye Care,,,,,,,2026-03-07 22:55:55.753924
237,Eye Creams & Masks,,,,,,,2026-03-07 22:55:55.753924
276,Lip Balm,,,,,,,2026-03-07 22:55:55.753924
369,"Lip Scrubs, Masks & Serums",,,,,,,2026-03-07 22:55:55.753924
196,Lip Cosmetics,,,,,,,2026-03-07 22:55:55.753924
124,Lip Gloss,,,,,,,2026-03-07 22:55:55.753924
121,Lip Liner,,,,,,,2026-03-07 22:55:55.753924
260,Lip Tint,,,,,,,2026-03-07 22:55:55.753924
1611,Lipsticks,,,,,,,2026-03-07 22:55:55.753924
202,Nail Cosmetics,,,,,,,2026-03-07 22:55:55.753924
3807,Artificial Nails,,,,,,,2026-03-07 22:55:55.753924
170,Nail Accessories,,,,,,,2026-03-07 22:55:55.753924
1123,Nail Colour,,,,,,,2026-03-07 22:55:55.753924
1725,Nail Colour Remover,,,,,,,2026-03-07 22:55:55.753924
203,Tools & Accessories,,,,,,,2026-03-07 22:55:55.753924
160,Bath & Body Accessories,,,,,,,2026-03-07 22:55:55.753924
6365,Beauty & Fashion Fixers,,,,,,,2026-03-07 22:55:55.753924
6256,Beauty Travel Essentials,,,,,,,2026-03-07 22:55:55.753924
171,Face Accessories,,,,,,,2026-03-07 22:55:55.753924
920,Shringar,,,,,,,2026-03-07 22:55:55.753924
851,Magazines,,,,,,,2026-03-07 22:55:55.753924
1015,Current Affairs & Business,,,,,,,2026-03-07 22:55:55.753924
761,Current Affairs Magazines,,,,,,,2026-03-07 22:55:55.753924
8058,Kitchen & Dining,,,,,,,2026-03-07 22:55:55.753924
1882,"Juicers, Mixers & Grinders",,,,,,,2026-03-07 22:55:55.753924
729,Electric Cookware,,,,,,,2026-03-07 22:55:55.753924
1883,Toasters & Sandwich Makers,,,,,,,2026-03-07 22:55:55.754932
8060,Barware,,,,,,,2026-03-07 22:55:55.754932
8144,Bar Glasses,,,,,,,2026-03-07 22:55:55.754932
8100,Bottles & Flasks,,,,,,,2026-03-07 22:55:55.754932
8205,Insulated Bottles & Flask,,,,,,,2026-03-07 22:55:55.754932
8206,Kid's Bottles,,,,,,,2026-03-07 22:55:55.754932
8207,Non-Insulated Bottles,,,,,,,2026-03-07 22:55:55.754932
8062,Cookware & Sets,,,,,,,2026-03-07 22:55:55.754932
8140,Gas Stove & Barbecue Grill,,,,,,,2026-03-07 22:55:55.754932
8146,Kadai & Tawa,,,,,,,2026-03-07 22:55:55.754932
8141,Pans & Pots,,,,,,,2026-03-07 22:55:55.754932
8139,Pressure Cooker,,,,,,,2026-03-07 22:55:55.754932
8059,Cutting & Chopping,,,,,,,2026-03-07 22:55:55.754932
8185,Chopper,,,,,,,2026-03-07 22:55:55.754932
8194,Cutter & Graters,,,,,,,2026-03-07 22:55:55.754932
8186,Knives & Peelers,,,,,,,2026-03-07 22:55:55.754932
8061,Dining and Serveware,,,,,,,2026-03-07 22:55:55.754932
8103,Bowls,,,,,,,2026-03-07 22:55:55.754932
8064,Cutlery,,,,,,,2026-03-07 22:55:55.754932
8105,Dinnerware Sets,,,,,,,2026-03-07 22:55:55.754932
8102,Plates,,,,,,,2026-03-07 22:55:55.754932
8104,Serving Sets & Trays,,,,,,,2026-03-07 22:55:55.754932
2111,Kettles & Egg Boilers,,,,,,,2026-03-07 22:55:55.754932
8101,Kitchen Accessories,,,,,,,2026-03-07 22:55:55.754932
8275,Baking Accessories,,,,,,,2026-03-07 22:55:55.754932
8240,Cooking Tools,,,,,,,2026-03-07 22:55:55.754932
8274,Fridge Tools,,,,,,,2026-03-07 22:55:55.754932
8273,Kitchen Organizers,,,,,,,2026-03-07 22:55:55.754932
8276,Ladles & Spatulas,,,,,,,2026-03-07 22:55:55.754932
1264,Kitchen Appliances,,,,,,,2026-03-07 22:55:55.754932
1462,Kitchen Towels & Napkins,,,,,,,2026-03-07 22:55:55.754932
8098,Lunch Boxes,,,,,,,2026-03-07 22:55:55.754932
8181,Glass Lunchbox,,,,,,,2026-03-07 22:55:55.754932
8443,Lunch Bags,,,,,,,2026-03-07 22:55:55.754932
8182,Steel Lunchbox,,,,,,,2026-03-07 22:55:55.754932
8099,Mugs & Glasses,,,,,,,2026-03-07 22:55:55.754932
8201,Coffee Mugs,,,,,,,2026-03-07 22:55:55.755931
8197,Water & Juice Glass,,,,,,,2026-03-07 22:55:55.755931
8063,Storage & Containers,,,,,,,2026-03-07 22:55:55.755931
8311,Bags & Zippers,,,,,,,2026-03-07 22:55:55.755931
8148,Kitchen Storage Containers,,,,,,,2026-03-07 22:55:55.755931
5305,Fashion & Accessories,,,,,,,2026-03-07 22:55:55.755931
120,Bags,,,,,,,2026-03-07 22:55:55.755931
1470,Backpack & Laptop Bags,,,,,,,2026-03-07 22:55:55.755931
1469,Duffle & Gym Bags,,,,,,,2026-03-07 22:55:55.755931
573,Hand Bags,,,,,,,2026-03-07 22:55:55.755931
576,Sling Bags,,,,,,,2026-03-07 22:55:55.755931
1468,Suitcases & Trolley Bags,,,,,,,2026-03-07 22:55:55.755931
577,Wallets & Clutch,,,,,,,2026-03-07 22:55:55.755931
5210,Fashion Accesssories,,,,,,,2026-03-07 22:55:55.755931
5353,Belts,,,,,,,2026-03-07 22:55:55.755931
5347,Gloves,,,,,,,2026-03-07 22:55:55.755931
5354,Handkerchiefs,,,,,,,2026-03-07 22:55:55.755931
5583,Headgear,,,,,,,2026-03-07 22:55:55.755931
5348,"Mufflers, Beanies & More",,,,,,,2026-03-07 22:55:55.755931
1267,Raincoats,,,,,,,2026-03-07 22:55:55.755931
1828,Socks,,,,,,,2026-03-07 22:55:55.755931
3737,Sunglasses,,,,,,,2026-03-07 22:55:55.755931
1471,Travel Accessories,,,,,,,2026-03-07 22:55:55.755931
5693,Jewellery,,,,,,,2026-03-07 22:55:55.755931
6971,Bangles,,,,,,,2026-03-07 22:55:55.755931
5696,Bracelets & Cuffs,,,,,,,2026-03-07 22:55:55.755931
5694,Earrings,,,,,,,2026-03-07 22:55:55.755931
5705,Jewellery Accessories,,,,,,,2026-03-07 22:55:55.755931
5701,Jewellery Sets,,,,,,,2026-03-07 22:55:55.755931
5698,Mangalsutras,,,,,,,2026-03-07 22:55:55.755931
5703,Men's Jewellery,,,,,,,2026-03-07 22:55:55.755931
5695,Necklaces & Pendants,,,,,,,2026-03-07 22:55:55.755931
5699,Nose Pins & Rings,,,,,,,2026-03-07 22:55:55.755931
177,Precious Jewellery,,,,,,,2026-03-07 22:55:55.755931
5697,Rings,,,,,,,2026-03-07 22:55:55.755931
5700,Toe Rings & Anklets,,,,,,,2026-03-07 22:55:55.755931
5650,Kid's Costumes,,,,,,,2026-03-07 22:55:55.755931
5654,Kid's Innerwear & Loungewear,,,,,,,2026-03-07 22:55:55.755931
3660,Kid's Briefs,,,,,,,2026-03-07 22:55:55.755931
5658,Kid's Thermal Top,,,,,,,2026-03-07 22:55:55.755931
5653,Kid's Sportwear,,,,,,,2026-03-07 22:55:55.756931
5200,Men's Ethnic Wear,,,,,,,2026-03-07 22:55:55.756931
4935,Men's Kurta,,,,,,,2026-03-07 22:55:55.756931
5258,Men's Kurta Set,,,,,,,2026-03-07 22:55:55.756931
5207,Men's Footwear,,,,,,,2026-03-07 22:55:55.756931
5986,Men's Flip Flops,,,,,,,2026-03-07 22:55:55.756931
5202,Men's Innerwear & Loungewear,,,,,,,2026-03-07 22:55:55.756931
5392,Boxers,,,,,,,2026-03-07 22:55:55.756931
3620,Men's Briefs,,,,,,,2026-03-07 22:55:55.756931
5294,Men's Thermal Bottom,,,,,,,2026-03-07 22:55:55.756931
5293,Men's Thermal Top,,,,,,,2026-03-07 22:55:55.756931
3619,Vest,,,,,,,2026-03-07 22:55:55.756931
5201,Men's Sports Wear,,,,,,,2026-03-07 22:55:55.756931
5391,Men's Active Shorts,,,,,,,2026-03-07 22:55:55.756931
5338,Men's Active T-shirts & Jackets,,,,,,,2026-03-07 22:55:55.756931
5199,Men's Westernwear,,,,,,,2026-03-07 22:55:55.756931
5253,Men's T-shirts,,,,,,,2026-03-07 22:55:55.756931
5204,Women's Ethnic Wear,,,,,,,2026-03-07 22:55:55.756931
5466,Women's Kurta,,,,,,,2026-03-07 22:55:55.756931
5208,Women's Footwear,,,,,,,2026-03-07 22:55:55.756931
6027,Women's Flip Flops,,,,,,,2026-03-07 22:55:55.756931
5206,Women's Innerwear & Loungewear,,,,,,,2026-03-07 22:55:55.756931
3616,Camisoles & Others,,,,,,,2026-03-07 22:55:55.756931
3618,Women's Briefs & Others,,,,,,,2026-03-07 22:55:55.756931
5304,Women's Thermal Bottom,,,,,,,2026-03-07 22:55:55.756931
5299,Women's Thermal Top,,,,,,,2026-03-07 22:55:55.756931
5205,Women's Sports Wear,,,,,,,2026-03-07 22:55:55.757927
5342,Women's Active T-shirts,,,,,,,2026-03-07 22:55:55.757927
5344,Women's Active Trackpants,,,,,,,2026-03-07 22:55:55.757927
5203,Women's Western Wear,,,,,,,2026-03-07 22:55:55.757927
5472,Jeggings & Treggings,,,,,,,2026-03-07 22:55:55.757927
5343,Women's T-shirts,,,,,,,2026-03-07 22:55:55.757927
5159,Electronics & Electricals,,,,,,,2026-03-07 22:55:55.757927
1886,Appliances,,,,,,,2026-03-07 22:55:55.757927
1884,Ambience & Wellness Gadgets,,,,,,,2026-03-07 22:55:55.757927
2110,Massagers,,,,,,,2026-03-07 22:55:55.757927
4841,Gaming & Entertainment,,,,,,,2026-03-07 22:55:55.757927
2109,Hair Straighteners & Dryers,,,,,,,2026-03-07 22:55:55.757927
1899,"Heaters, Immersion Rods, Geysers",,,,,,,2026-03-07 22:55:55.757927
4847,Home & Bathroom Fixtures,,,,,,,2026-03-07 22:55:55.757927
4843,Home Security,,,,,,,2026-03-07 22:55:55.757927
1890,Irons & Garment Care,,,,,,,2026-03-07 22:55:55.757927
5195,Coffee Machine & Accessories,,,,,,,2026-03-07 22:55:55.757927
2106,Fans & Coolers,,,,,,,2026-03-07 22:55:55.757927
4844,Network & WiFi Solution,,,,,,,2026-03-07 22:55:55.757927
4845,Office Equipment,,,,,,,2026-03-07 22:55:55.757927
4842,Photography & Videography,,,,,,,2026-03-07 22:55:55.757927
8476,Power Backup Solutions,,,,,,,2026-03-07 22:55:55.757927
4846,Pumps & Filters,,,,,,,2026-03-07 22:55:55.757927
3146,Smart Devices,,,,,,,2026-03-07 22:55:55.757927
4725,Automotive Accessories,,,,,,,2026-03-07 22:55:55.757927
2108,Trimmers,,,,,,,2026-03-07 22:55:55.757927
4632,Weighing Machine,,,,,,,2026-03-07 22:55:55.757927
1840,Audio & Accessories,,,,,,,2026-03-07 22:55:55.757927
2113,Bluetooth Speakers,,,,,,,2026-03-07 22:55:55.757927
2114,Earbuds & Headsets,,,,,,,2026-03-07 22:55:55.757927
2115,Smart Watches,,,,,,,2026-03-07 22:55:55.758932
1445,Decorative Lights & Lamps,,,,,,,2026-03-07 22:55:55.758932
4633,Decorative Lamps,,,,,,,2026-03-07 22:55:55.758932
4634,Decorative Lights,,,,,,,2026-03-07 22:55:55.758932
1387,Electronic Accessories,,,,,,,2026-03-07 22:55:55.758932
301,Mobile Accessories,,,,,,,2026-03-07 22:55:55.758932
1843,Computer Accessories,,,,,,,2026-03-07 22:55:55.758932
2117,Electrical Accessories,,,,,,,2026-03-07 22:55:55.758932
2118,Cables,,,,,,,2026-03-07 22:55:55.758932
2116,Extension Boards & Multiplugs,,,,,,,2026-03-07 22:55:55.758932
9451,Hubs & Cords,,,,,,,2026-03-07 22:55:55.758932
9452,Keyboards & Mouse,,,,,,,2026-03-07 22:55:55.758932
9453,Mats & Stands,,,,,,,2026-03-07 22:55:55.758932
9486,Memory & Storage,,,,,,,2026-03-07 22:55:55.758932
4093,Chargers,,,,,,,2026-03-07 22:55:55.758932
2119,Power Banks,,,,,,,2026-03-07 22:55:55.758932
9519,Webcams & Streaming,,,,,,,2026-03-07 22:55:55.758932
2513,Electronic Gifting,,,,,,,2026-03-07 22:55:55.759474
1187,Hardware & Electricals,,,,,,,2026-03-07 22:55:55.759474
418,Batteries,,,,,,,2026-03-07 22:55:55.759474
1414,Hand & Power Tools,,,,,,,2026-03-07 22:55:55.759474
2112,LED Lights,,,,,,,2026-03-07 22:55:55.759474
4693,Music Instruments & Accessories,,,,,,,2026-03-07 22:55:55.759474
4493,Music Instruments,,,,,,,2026-03-07 22:55:55.759474
4694,Musical Instrument Accessories,,,,,,,2026-03-07 22:55:55.759474
5515,Stationery Needs,,,,,,,2026-03-07 22:55:55.759474
5516,Arts & Crafts,,,,,,,2026-03-07 22:55:55.759474
5523,Art Kits & Craft Materials,,,,,,,2026-03-07 22:55:55.759474
5525,Craft Paper & Sheets,,,,,,,2026-03-07 22:55:55.759474
5527,Crayons & Color Pens,,,,,,,2026-03-07 22:55:55.759474
5531,Drawing & Colouring Books,,,,,,,2026-03-07 22:55:55.759474
5533,Paint Brushes & Accessories,,,,,,,2026-03-07 22:55:55.759474
5534,Paints,,,,,,,2026-03-07 22:55:55.759474
88,Gifting Needs,,,,,,,2026-03-07 22:55:55.759474
6369,Envelops & Greeting Cards,,,,,,,2026-03-07 22:55:55.759474
6368,Gift Bags & Baskets,,,,,,,2026-03-07 22:55:55.759474
6367,Gift Wrapping Needs,,,,,,,2026-03-07 22:55:55.759474
5517,Glue & Tapes,,,,,,,2026-03-07 22:55:55.759474
5522,Adhesive Tapes,,,,,,,2026-03-07 22:55:55.759474
757,Glue & Adhesives,,,,,,,2026-03-07 22:55:55.759474
5518,Notebooks & Diaries,,,,,,,2026-03-07 22:55:55.759474
5526,Book Covers,,,,,,,2026-03-07 22:55:55.759474
5529,Diary & Journals,,,,,,,2026-03-07 22:55:55.759474
346,Notebooks,,,,,,,2026-03-07 22:55:55.759474
5519,Office Supplies,,,,,,,2026-03-07 22:55:55.759474
5536,Calculators,,,,,,,2026-03-07 22:55:55.759474
5538,Files & Organisers,,,,,,,2026-03-07 22:55:55.759474
1026,Office Accessories,,,,,,,2026-03-07 22:55:55.759474
5541,Office Paper Stationery,,,,,,,2026-03-07 22:55:55.759474
5520,Pens & Pencils,,,,,,,2026-03-07 22:55:55.759474
5548,Markers & Highlighters,,,,,,,2026-03-07 22:55:55.759474
5545,Pencils,,,,,,,2026-03-07 22:55:55.759474
345,Pens,,,,,,,2026-03-07 22:55:55.760479
5521,School Essentials,,,,,,,2026-03-07 22:55:55.760479
5543,Boards & Accessories,,,,,,,2026-03-07 22:55:55.760479
5546,Lunch Boxes & Water Bottles,,,,,,,2026-03-07 22:55:55.760479
5539,School Bags & Pouches,,,,,,,2026-03-07 22:55:55.760479
5547,Stationery Kits & Sets,,,,,,,2026-03-07 22:55:55.760479
1027,Writing Aids & Tools,,,,,,,2026-03-07 22:55:55.760479
1559,Books,,,,,,,2026-03-07 22:55:55.760479
8816,Baby & Toddler Books,,,,,,,2026-03-07 22:55:55.760479
8821,Baby Books Box Sets,,,,,,,2026-03-07 22:55:55.760479
8817,Early Learning Books,,,,,,,2026-03-07 22:55:55.760479
273,Children's Books,,,,,,,2026-03-07 22:55:55.760479
512,Children's Activity Books,,,,,,,2026-03-07 22:55:55.760479
8955,Children's Books Box Set,,,,,,,2026-03-07 22:55:55.760479
371,Children's Comics,,,,,,,2026-03-07 22:55:55.760479
372,Children's Novels,,,,,,,2026-03-07 22:55:55.760479
513,Children's Story Books,,,,,,,2026-03-07 22:55:55.760479
7643,Comics & Mangas,,,,,,,2026-03-07 22:55:55.760479
274,Fiction Books,,,,,,,2026-03-07 22:55:55.760479
220,Action & Adventure Books,,,,,,,2026-03-07 22:55:55.760479
230,Contemporary Books,,,,,,,2026-03-07 22:55:55.760479
233,Fantasy Books,,,,,,,2026-03-07 22:55:55.760479
221,Literature / Classics Books,,,,,,,2026-03-07 22:55:55.760479
241,Mystery & Thriller Books,,,,,,,2026-03-07 22:55:55.760479
1586,Romance Books,,,,,,,2026-03-07 22:55:55.760479
366,Short Stories Books,,,,,,,2026-03-07 22:55:55.760479
275,Non Fiction Books,,,,,,,2026-03-07 22:55:55.760479
217,Biographies & Memoirs,,,,,,,2026-03-07 22:55:55.760479
518,Business & Finance Books,,,,,,,2026-03-07 22:55:55.760479
570,Religion & Spirituality Books,,,,,,,2026-03-07 22:55:55.760479
201,Science & Technology Books,,,,,,,2026-03-07 22:55:55.760479
515,Self Help Books,,,,,,,2026-03-07 22:55:55.760479
563,Poetry Books,,,,,,,2026-03-07 22:55:55.760479
675,Toys & Games,,,,,,,2026-03-07 22:55:55.760479
397,Action Figures,,,,,,,2026-03-07 22:55:55.760479
231,Art & Craft,,,,,,,2026-03-07 22:55:55.760479
474,"Clay, Dough, Slime & Sand",,,,,,,2026-03-07 22:55:55.760479
5193,Jewellery & Handicrafts,,,,,,,2026-03-07 22:55:55.760479
475,Painting & Drawing,,,,,,,2026-03-07 22:55:55.760479
5194,Paper & Sticker Art,,,,,,,2026-03-07 22:55:55.760479
683,Baby & Toddler,,,,,,,2026-03-07 22:55:55.760479
739,Baby Toys,,,,,,,2026-03-07 22:55:55.760479
680,Light & Sound Toys,,,,,,,2026-03-07 22:55:55.760479
5197,Play & Learn Toys,,,,,,,2026-03-07 22:55:55.760479
6640,Rockers & Ride-ons,,,,,,,2026-03-07 22:55:55.760479
586,Stacking & Sorting Toys,,,,,,,2026-03-07 22:55:55.760479
258,"Card, Board & Tabletop Games",,,,,,,2026-03-07 22:55:55.760479
486,Card Games,,,,,,,2026-03-07 22:55:55.760479
5211,Classic Board Games,,,,,,,2026-03-07 22:55:55.760479
484,Modern Board Games,,,,,,,2026-03-07 22:55:55.760479
5212,Tabletop Games,,,,,,,2026-03-07 22:55:55.762001
5192,Cars & Vehicles,,,,,,,2026-03-07 22:55:55.762001
498,Cars & Bikes,,,,,,,2026-03-07 22:55:55.762001
497,Remote Control Toys,,,,,,,2026-03-07 22:55:55.762001
410,Transport & Other Vehicles,,,,,,,2026-03-07 22:55:55.762001
242,Dolls & Accessories,,,,,,,2026-03-07 22:55:55.762001
5215,Guns & Blasters,,,,,,,2026-03-07 22:55:55.762001
5216,Bubble & Water Guns,,,,,,,2026-03-07 22:55:55.762001
5218,Toy Guns,,,,,,,2026-03-07 22:55:55.762001
2699,Indoor & Outdoor Play,,,,,,,2026-03-07 22:55:55.762001
5217,Beach & Pool toys,,,,,,,2026-03-07 22:55:55.762001
5198,Play & Activity Toys,,,,,,,2026-03-07 22:55:55.762001
483,Sports Toys,,,,,,,2026-03-07 22:55:55.762001
480,Tents,,,,,,,2026-03-07 22:55:55.762001
409,Novelty Toys,,,,,,,2026-03-07 22:55:55.762001
5219,Poker & Party Games,,,,,,,2026-03-07 22:55:55.762001
734,Party & Adult Games,,,,,,,2026-03-07 22:55:55.762001
5220,Poker & Playing Cards,,,,,,,2026-03-07 22:55:55.762001
5214,Puzzles & Cubes,,,,,,,2026-03-07 22:55:55.762001
396,Cubes,,,,,,,2026-03-07 22:55:55.762001
479,Puzzles,,,,,,,2026-03-07 22:55:55.762001
256,Science & Learning,,,,,,,2026-03-07 22:55:55.762001
500,STEM Toys & Kits,,,,,,,2026-03-07 22:55:55.762001
257,Soft Toys,,,,,,,2026-03-07 22:55:55.762001
487,Characters & Figures,,,,,,,2026-03-07 22:55:55.762001
495,Stuffed Animals,,,,,,,2026-03-07 22:55:55.762001
496,Teddy Bears,,,,,,,2026-03-07 22:55:55.762001
2514,Toys Gifting,,,,,,,2026-03-07 22:55:55.762001
3874,,,42.0,36.0,16.0,3 pcs,,2026-03-07 22:57:05.900443
None,,,42.0,36.0,16.0,,,2026-03-07 22:57:05.900443
534991,,,84.0,71.0,8.0,2 x 3 pcs,,2026-03-07 22:57:05.900443
735411,,Freshbury,80.0,65.0,2.0,80 g,,2026-03-07 22:57:05.901443
342340,,,45.0,35.0,2.0,4 pcs,,2026-03-07 22:57:05.901443
534992,,,91.0,69.0,1.0,2 x 4 pcs,,2026-03-07 22:57:05.901443
339128,,Freshbury,79.0,64.0,1.0,500 g,,2026-03-07 22:57:05.901443
421756,,Freshbury,87.0,75.0,26.0,1 pc,,2026-03-07 22:57:05.902955
540193,,Freshbury,175.0,150.0,13.0,2 x 1 pc,,2026-03-07 22:57:05.902955
4943,,,67.0,57.0,11.0,1 pc,,2026-03-07 22:57:05.902955
572992,,,206.0,159.0,1.0,250 g,,2026-03-07 22:57:05.903990
447625,,Freshbury,42.0,36.0,4.0,250 g,,2026-03-07 22:57:05.903990
294599,,,78.0,62.0,2.0,200 g,,2026-03-07 22:57:05.903990
595282,,SHABARI.AI,156.0,122.0,1.0,800 g,,2026-03-07 22:57:05.905021
88275,,,62.0,53.0,1.0,6 pcs,,2026-03-07 22:57:05.905021
search_layout,search,,,,,,,2026-03-07 22:57:05.905021
321169,,,150.0,120.0,3.0,350 g,,2026-03-07 22:57:06.592102
742098,,Freshbury,81.0,67.0,1.0,250 g,,2026-03-07 22:57:06.592102
548856,,,83.0,65.0,2.0,175 g,,2026-03-07 22:57:06.592102
742769,,,166.0,129.0,1.0,2 x 175 g,,2026-03-07 22:57:06.593106
599644,,Freshbury,87.0,75.0,1.0,1 pc,,2026-03-07 22:57:06.593106
42280,,,43.0,34.0,1.0,250 g,,2026-03-07 22:57:06.594105
280884,,,146.0,116.0,1.0,300 g,,2026-03-07 22:57:06.594105
381865,,,115.0,99.0,1.0,250 g,,2026-03-07 22:57:06.594105
190320,,,148.0,123.0,1.0,800 g,,2026-03-07 22:57:06.594105
447628,,Freshbury,37.0,29.0,1.0,500 g,,2026-03-07 22:57:06.595190
498124,,,40.0,32.0,1.0,175 g,,2026-03-07 22:57:06.595190
566165,,Freshbury,153.0,131.0,1.0,300 g,,2026-03-07 22:57:06.595190
469400,,Freshbury,139.0,115.0,2.0,300 g,,2026-03-07 22:57:06.595190
36383,Super Store Delhi Karol Bagh ES301,,,,,,,2026-03-07 22:57:07.109824
1730,"Fresh Sausage, Salami, & Ham",,,,,,,2026-03-07 22:57:07.112571
9352,Herbal Infusion,,,,,,,2026-03-07 22:57:07.115542
136,Hookah Flavor,,,,,,,2026-03-07 22:57:07.119384
6246,Premium Soda & Mixers,,,,,,,2026-03-07 22:57:07.120109
3663,Kid's Bottomwear,,,,,,,2026-03-07 22:57:07.120802
3668,Kid's Clothing Set,,,,,,,2026-03-07 22:57:07.120802
7607,Kid's Innerwear,,,,,,,2026-03-07 22:57:07.120802
3666,Kids & Toddlers Footwear,,,,,,,2026-03-07 22:57:07.120802
3667,Onesies,,,,,,,2026-03-07 22:57:07.120802
6706,Baby Gear,,,,,,,2026-03-07 22:57:07.120802
4643,Device Cleaners,,,,,,,2026-03-07 22:57:07.121568
4658,Stain Removers,,,,,,,2026-03-07 22:57:07.121568
4659,Surface Polishes & Bleaches,,,,,,,2026-03-07 22:57:07.121568
2107,Clocks,,,,,,,2026-03-07 22:57:07.122092
4491,Figurines & Showpieces,,,,,,,2026-03-07 22:57:07.122092
110,Precious Coins & Bars,,,,,,,2026-03-07 22:57:07.122841
6507,Tissue Dispensers,,,,,,,2026-03-07 22:57:07.122841
3659,Men’s Swimwear,,,,,,,2026-03-07 22:57:07.123194
6404,Riding Gear & Tools,,,,,,,2026-03-07 22:57:07.123194
4490,"Flower Pots, Planters & Vases",,,,,,,2026-03-07 22:57:07.123194
1442,Sofa Covers & Curtains,,,,,,,2026-03-07 22:57:07.123194
1458,Table Covers & Runners,,,,,,,2026-03-07 22:57:07.123194
8309,Forex Cards,,,,,,,2026-03-07 22:57:07.123730
3610,Feeding,,,,,,,2026-03-07 22:57:07.124079
3718,Cat Health & Supplement,,,,,,,2026-03-07 22:57:07.124751
3722,Bird Food,,,,,,,2026-03-07 22:57:07.124751
3724,Rabbit Food,,,,,,,2026-03-07 22:57:07.124751
3725,Turtle Food,,,,,,,2026-03-07 22:57:07.124751
3730,Dog Gift Packs,,,,,,,2026-03-07 22:57:07.124751
3735,Pet Oral Care,,,,,,,2026-03-07 22:57:07.124751
3736,Pet Perfume,,,,,,,2026-03-07 22:57:07.124751
763,Business Magazines,,,,,,,2026-03-07 22:57:07.125791
1349,Easy Reads Magazines,,,,,,,2026-03-07 22:57:07.125791
649,Children Magazines,,,,,,,2026-03-07 22:57:07.125791
648,Lifestyle Magazines,,,,,,,2026-03-07 22:57:07.125791
1342,Hobby Magazines,,,,,,,2026-03-07 22:57:07.125791
1432,Special Interest Magazines,,,,,,,2026-03-07 22:57:07.125791
8147,Cookware Accessories,,,,,,,2026-03-07 22:57:07.125791
8145,Cookware Set,,,,,,,2026-03-07 22:57:07.126787
8138,Casseroles,,,,,,,2026-03-07 22:57:07.126787
8184,Kids Lunchbox,,,,,,,2026-03-07 22:57:07.127343
8183,Plastic Lunchbox,,,,,,,2026-03-07 22:57:07.127343
8203,Tea Cups,,,,,,,2026-03-07 22:57:07.127343
5582,Accessory Gift Set,,,,,,,2026-03-07 22:57:07.127343
2866,Eye Glasses,,,,,,,2026-03-07 22:57:07.127343
5584,Footwear Accessories,,,,,,,2026-03-07 22:57:07.127956
5355,"Ties, Cufflinks & Pocket Square",,,,,,,2026-03-07 22:57:07.127956
4196,Watches,,,,,,,2026-03-07 22:57:07.127956
2560,Winter Accessories,,,,,,,2026-03-07 22:57:07.127956
5702,Head Jewellery,,,,,,,2026-03-07 22:57:07.127956
5704,Kid's Jewellery,,,,,,,2026-03-07 22:57:07.127956
5209,Kid's Footwear,,,,,,,2026-03-07 22:57:07.127956
6035,Kid's Flip Flops,,,,,,,2026-03-07 22:57:07.127956
5655,Kid's Camisole,,,,,,,2026-03-07 22:57:07.127956
5656,Kid's Vests,,,,,,,2026-03-07 22:57:07.127956
4475,Medicinal Scrubs & Aprons,,,,,,,2026-03-07 22:57:07.128549
5351,"Dhotis, Pyjamas & Stoles",,,,,,,2026-03-07 22:57:07.128549
5985,Men's Casual Shoes,,,,,,,2026-03-07 22:57:07.128549
6023,Men's Sandals,,,,,,,2026-03-07 22:57:07.128549
5984,Men's Sports Shoes,,,,,,,2026-03-07 22:57:07.128549
5341,Men's Lounge Pants,,,,,,,2026-03-07 22:57:07.128549
5393,Men's Lounge T-shirt,,,,,,,2026-03-07 22:57:07.128549
5390,Men's Active Trackpants,,,,,,,2026-03-07 22:57:07.128549
5339,Men's Tracksuits,,,,,,,2026-03-07 22:57:07.128549
5257,Men's Jackets,,,,,,,2026-03-07 22:57:07.128549
5394,Men's Jeans,,,,,,,2026-03-07 22:57:07.128549
5254,Men's Shirts,,,,,,,2026-03-07 22:57:07.128549
5389,Men's Shorts,,,,,,,2026-03-07 22:57:07.128549
5255,Men's Sweatshirts,,,,,,,2026-03-07 22:57:07.128549
5292,Men's Trackpants,,,,,,,2026-03-07 22:57:07.128549
5352,"Dupatta, Stoles & Scarves",,,,,,,2026-03-07 22:57:07.128549
5350,Sarees,,,,,,,2026-03-07 22:57:07.128549
6025,Women's Casual Shoes,,,,,,,2026-03-07 22:57:07.128549
3617,Bra's,,,,,,,2026-03-07 22:57:07.128549
5528,Nightdresses,,,,,,,2026-03-07 22:57:07.129270
5530,Shapewear,,,,,,,2026-03-07 22:57:07.129270
5345,Women's Lounge Pants,,,,,,,2026-03-07 22:57:07.129270
5346,Women's Lounge Sets,,,,,,,2026-03-07 22:57:07.129270
5474,Women's Active Shorts & Capris,,,,,,,2026-03-07 22:57:07.129270
5349,Tops,,,,,,,2026-03-07 22:57:07.129270
5298,Women's Jackets,,,,,,,2026-03-07 22:57:07.129270
5469,Women's Shorts & Capris,,,,,,,2026-03-07 22:57:07.129270
5297,Women's Sweaters,,,,,,,2026-03-07 22:57:07.129270
5296,Women's Sweatshirts,,,,,,,2026-03-07 22:57:07.129270
5468,Women's Trousers,,,,,,,2026-03-07 22:57:07.129270
4839,Home Appliances,,,,,,,2026-03-07 22:57:07.129967
5808,Laptops,,,,,,,2026-03-07 22:57:07.129967
5388,Mobile Phones & Tablets,,,,,,,2026-03-07 22:57:07.130884
2324,Academic Books,,,,,,,2026-03-07 22:57:07.131566
2631,Civil & Govt. Exams Books,,,,,,,2026-03-07 22:57:07.131566
2632,English & GK Books,,,,,,,2026-03-07 22:57:07.131566
516,Activity Books for Adults,,,,,,,2026-03-07 22:57:07.131566
8509,Children's Learning Books,,,,,,,2026-03-07 22:57:07.131566
8510,Fiction Books Box Set,,,,,,,2026-03-07 22:57:07.132601
234,Historical & Mythological Books,,,,,,,2026-03-07 22:57:07.132601
236,Horror Books,,,,,,,2026-03-07 22:57:07.132601
265,Humour Books,,,,,,,2026-03-07 22:57:07.132601
216,Manga & Graphic Novels,,,,,,,2026-03-07 22:57:07.132601
321,Science Fiction Books,,,,,,,2026-03-07 22:57:07.132601
8511,Social & Family Issues Books,,,,,,,2026-03-07 22:57:07.132601
517,Analysis & Strategy Books,,,,,,,2026-03-07 22:57:07.132601
583,History Books,,,,,,,2026-03-07 22:57:07.132601
8813,Hobby Books,,,,,,,2026-03-07 22:57:07.132601
392,Learning Books,,,,,,,2026-03-07 22:57:07.132601
8545,Non Fiction Books Box Set,,,,,,,2026-03-07 22:57:07.132601
567,Politics Books,,,,,,,2026-03-07 22:57:07.132601
2700,Scooters & Bikes,,,,,,,2026-03-07 22:57:07.133448
678,Building Blocks & Sets,,,,,,,2026-03-07 22:57:07.133448
5213,Festive Toys,,,,,,,2026-03-07 22:57:07.134000
7745,Electronic Toys,,,,,,,2026-03-07 22:57:07.134000
408,Pretend Playsets,,,,,,,2026-03-07 22:57:07.134000
739486,,Westfalia Fruit,228.0,199.0,2.0,380 - 420 g,,2026-03-07 22:57:12.115091
174814,,Freshbury,111.0,89.0,4.0,180 g,,2026-03-07 22:57:12.116095
532458,,,212.0,165.0,1.0,300 g,,2026-03-07 22:57:12.116095
689393,,Freshbury,139.0,110.0,2.0,200 g,,2026-03-07 22:57:12.116095
354987,,,77.0,64.0,1.0,200 g,,2026-03-07 22:57:12.116095
3983,,,169.0,145.0,2.0,225 g,,2026-03-07 22:57:12.116095
691691,,Freshbury,124.0,98.0,3.0,175 g,,2026-03-07 22:57:12.116095
240843,,,83.0,73.0,1.0,1 kg,,2026-03-07 22:57:12.116095
543526,,Freshbury,192.0,163.0,1.0,300 g,,2026-03-07 22:57:12.117088
362184,,Freshbury,66.0,53.0,1.0,500 g,,2026-03-07 22:57:12.117088
555220,,,223.0,189.0,2.0,125 g,,2026-03-07 22:57:12.117088
595610,,,110.0,87.0,1.0,350 g,,2026-03-07 22:57:12.117088
655674,,,180.0,157.0,2.0,300 g,,2026-03-07 22:57:13.537722
295287,,,127.0,99.0,2.0,200 g,,2026-03-07 22:57:13.537722
531501,,Freshbury,153.0,119.0,1.0,550 g,,2026-03-07 22:57:13.538278
362127,,,295.0,229.0,5.0,125 g,,2026-03-07 22:57:13.538278
566547,,,210.0,163.0,3.0,300 g,,2026-03-07 22:57:13.538278
532460,,,217.0,180.0,1.0,300 g,,2026-03-07 22:57:13.538815
479963,,,30.0,26.0,9.0,2 pcs,,2026-03-07 22:57:13.538815
537303,,,254.0,219.0,3.0,400 g,,2026-03-07 22:57:13.538815
479243,,Delishh,599.0,528.0,2.0,500 g,,2026-03-07 22:57:13.539398
21583,,Del Monte,175.0,175.0,1.0,439 g,,2026-03-07 22:57:13.539398
753525,,Freshbury,114.0,100.0,1.0,250 g,,2026-03-07 22:57:13.539398
679832,,Pluckk,259.0,160.0,2.0,200 g,,2026-03-07 22:57:13.539398
529944,,Delishh,530.0,452.0,1.0,500 g,,2026-03-07 22:57:15.513843
750947,,Freshbury,96.0,74.0,1.0,400 g,,2026-03-07 22:57:15.513843
689553,,ELVIAN,999.0,265.0,1.0,200 g,,2026-03-07 22:57:15.513843
665671,,Delora,390.0,390.0,1.0,840 g,,2026-03-07 22:57:15.513843
3889,,,7.0,1.0,4.0,100 g,,2026-03-07 22:57:15.513843
530158,,Freshbury,36.0,29.0,47.0,1 kg,,2026-03-07 22:57:15.513843
423735,,Freshbury,24.0,19.0,4.0,100 g,,2026-03-07 22:57:15.513843
95032,,,34.0,28.0,8.0,200 g,,2026-03-07 22:57:15.513843
23343,,,41.0,33.0,8.0,500 g,,2026-03-07 22:57:15.513843
229627,,Freshbury,59.0,50.0,7.0,200 g,,2026-03-07 22:57:15.513843
339153,,,27.0,22.0,8.0,400 g,,2026-03-07 22:57:15.513843
3888,,Freshbury,58.0,47.0,1.0,250 g,,2026-03-07 22:57:15.513843
344277,,,26.0,22.0,14.0,500 g,,2026-03-07 22:57:16.612423
199435,,,25.0,17.0,33.0,1 kg,,2026-03-07 22:57:16.612423
540018,,,50.0,33.0,16.0,2 x 1 kg,,2026-03-07 22:57:16.612423
366032,,,25.0,19.0,13.0,500 g,,2026-03-07 22:57:16.613424
540020,,,50.0,37.0,6.0,2 x 500 g,,2026-03-07 22:57:16.613424
270200,,,35.0,29.0,7.0,50 g,,2026-03-07 22:57:16.613424
367909,,,26.0,20.0,8.0,500 g,,2026-03-07 22:57:16.613424
540021,,,52.0,39.0,4.0,2 x 500 g,,2026-03-07 22:57:16.613424
95031,,,46.0,37.0,9.0,200 g,,2026-03-07 22:57:16.613424
4916,,,36.0,29.0,4.0,250 g,,2026-03-07 22:57:16.613424
532987,,Freshbury,72.0,57.0,23.0,2 x 1 kg,,2026-03-07 22:57:16.613424
559078,,Freshbury,51.0,45.0,2.0,300 g,,2026-03-07 22:57:16.613424
332744,,,16.0,13.0,4.0,200 g,,2026-03-07 22:57:16.613424
540191,,,33.0,25.0,2.0,2 x 200 g,,2026-03-07 22:57:16.614405
421744,,Freshbury,13.0,11.0,3.0,150 g,,2026-03-07 22:57:16.614405
3913,,,14.0,11.0,9.0,200 g,,2026-03-07 22:57:16.614405
602590,,Siya Fruits And Vegetables,37.0,32.0,1.0,500 g,,2026-03-07 22:57:18.248569
166848,,,30.0,25.0,3.0,500 g,,2026-03-07 22:57:18.248569
446707,,,14.0,13.0,6.0,100 g,,2026-03-07 22:57:18.248569
355016,,,39.0,31.0,4.0,100 g,,2026-03-07 22:57:18.248569
339152,,,22.0,18.0,4.0,400 g,,2026-03-07 22:57:18.250084
217614,,Freshbury,63.0,54.0,4.0,400 g,,2026-03-07 22:57:18.250084
602584,,Green Earth,38.0,30.0,3.0,100 g,,2026-03-07 22:57:18.250084
3898,,,39.0,33.0,5.0,250 g,,2026-03-07 22:57:18.250084
742770,,,78.0,65.0,2.0,2 x 250 g,,2026-03-07 22:57:18.250084
604360,,Earthy Tales,36.0,32.0,1.0,500 g,,2026-03-07 22:57:18.250084
3923,,,21.0,18.0,9.0,250 g,,2026-03-07 22:57:18.250084
540192,,,43.0,35.0,4.0,2 x 250 g,,2026-03-07 22:57:18.250084
9098,,,49.0,42.0,3.0,500 g,,2026-03-07 22:57:18.250084
3952,,Freshbury,63.0,49.0,3.0,450 g,,2026-03-07 22:57:18.250084
421747,,,30.0,25.0,6.0,500 g,,2026-03-07 22:57:19.731480
365421,,,26.0,21.0,6.0,100 g,,2026-03-07 22:57:19.731480
686512,,,52.0,41.0,3.0,2 x 100 g,,2026-03-07 22:57:19.731480
595293,,Vegan Farms,37.0,33.0,2.0,100 g,,2026-03-07 22:57:19.731480
595303,,SHABARI.AI,81.0,64.0,2.0,220 g,,2026-03-07 22:57:19.731480
440230,,,47.0,38.0,3.0,50 g,,2026-03-07 22:57:19.731480
602184,,Green Earth,31.0,25.0,3.0,100 g,,2026-03-07 22:57:19.731480
3916,,,20.0,16.0,3.0,250 g,,2026-03-07 22:57:19.731480
525536,,Whole Farm,75.0,50.0,10.0,100 g,,2026-03-07 22:57:19.731480
602177,,Green Earth,30.0,24.0,2.0,250 g,,2026-03-07 22:57:19.732482
599240,,UB Organic,50.0,42.0,4.0,250 g,,2026-03-07 22:57:19.732482
257199,,,25.0,22.0,2.0,200 g,,2026-03-07 22:57:19.732482
28390,,Safal,135.0,115.0,9.0,500 g,,2026-03-07 22:57:19.732482
729267,,Freshbury,33.0,26.0,2.0,400 g,,2026-03-07 22:57:21.226013
28394,,Safal,100.0,85.0,2.0,500 g,,2026-03-07 22:57:21.226013
365431,,,55.0,44.0,3.0,100 g,,2026-03-07 22:57:21.226013
595308,,Vegan Farms,44.0,36.0,4.0,500 g,,2026-03-07 22:57:21.227028
440229,,,73.0,57.0,1.0,200 g,,2026-03-07 22:57:21.227028
336305,,,60.0,48.0,2.0,250 g,,2026-03-07 22:57:21.227028
137816,,,49.0,41.0,1.0,200 g,,2026-03-07 22:57:21.227028
443549,,,39.0,32.0,1.0,250 g,,2026-03-07 22:57:21.227547
609555,,Bhoomi Farms,39.0,31.0,1.0,500 g,,2026-03-07 22:57:21.227547
568800,,,22.0,19.0,1.0,10 g,,2026-03-07 22:57:21.227547
609538,,Earthy Tales,31.0,27.0,1.0,250 g,,2026-03-07 22:57:21.227547
662227,,,52.0,43.0,1.0,100 g,,2026-03-07 22:57:21.227547
694153,,,41.0,34.0,1.0,100 g,,2026-03-07 22:57:22.761270
568809,,,57.0,46.0,2.0,10 g,,2026-03-07 22:57:22.761270
421718,,,58.0,49.0,3.0,250 g,,2026-03-07 22:57:22.761270
568741,,,36.0,31.0,2.0,100 g,,2026-03-07 22:57:22.761270
4926,,,20.0,18.0,1.0,500 g,,2026-03-07 22:57:22.761270
152879,,,34.0,29.0,1.0,200 g,,2026-03-07 22:57:22.761270
3885,,,33.0,28.0,1.0,250 g,,2026-03-07 22:57:22.761270
602672,,Siya Fruits And Vegetables,27.0,23.0,4.0,100 g,,2026-03-07 22:57:22.761270
716563,,Freshbury,82.0,66.0,1.0,500 g,,2026-03-07 22:57:22.762267
158316,,,21.0,18.0,1.0,500 g,,2026-03-07 22:57:22.762267
203822,,,32.0,28.0,1.0,250 g,,2026-03-07 22:57:22.762267
512624,,,75.0,60.0,2.0,500 g,,2026-03-07 22:57:22.762267
599154,,Vegan Farms,44.0,34.0,1.0,500 g,,2026-03-07 22:57:24.362358
602182,,Green Earth,34.0,30.0,2.0,300 g,,2026-03-07 22:57:24.362358
613033,,Bhoomi Farms,41.0,32.0,1.0,250 g,,2026-03-07 22:57:24.362981
421695,,,69.0,59.0,1.0,500 g,,2026-03-07 22:57:24.362981
381779,,,29.0,25.0,1.0,200 g,,2026-03-07 22:57:24.362981
528771,,Whole Farm,120.0,80.0,6.0,500 g,,2026-03-07 22:57:24.363670
535421,,,16.0,13.0,1.0,250 g,,2026-03-07 22:57:24.363670
379584,,SPT,169.0,86.0,5.0,500 g,,2026-03-07 22:57:24.364268
602667,,,39.0,31.0,1.0,250 g,,2026-03-07 22:57:24.364268
28388,,Safal,240.0,185.0,3.0,1 kg,,2026-03-07 22:57:24.364268
3924,,,33.0,29.0,1.0,250 g,,2026-03-07 22:57:24.364884
536544,,Krishi Cress,162.0,130.0,3.0,400 g,,2026-03-07 22:57:26.167025
438195,,,58.0,48.0,2.0,200 g,,2026-03-07 22:57:26.167571
660389,,,41.0,35.0,2.0,25 g,,2026-03-07 22:57:26.167571
506285,,,118.0,97.0,1.0,15 - 16 pcs,,2026-03-07 22:57:26.168211
602591,,Green Earth,64.0,53.0,1.0,500 g,,2026-03-07 22:57:26.168211
524897,,Whole Farm,70.0,58.0,5.0,50 g,,2026-03-07 22:57:26.168973
447623,,,19.0,17.0,2.0,250 g,,2026-03-07 22:57:26.169534
672007,,,41.0,33.0,1.0,50 g,,2026-03-07 22:57:26.169931
602604,,Siya Fruits And Vegetables,30.0,24.0,1.0,100 g,,2026-03-07 22:57:26.170571
438489,,,33.0,28.0,1.0,250 g,,2026-03-07 22:57:26.171116
5847,,,27.0,22.0,1.0,100 g,,2026-03-07 22:57:26.171805
549324,,Safal,180.0,141.0,5.0,1 kg,,2026-03-07 22:57:27.993998
379583,,SPT,299.0,145.0,3.0,1 kg,,2026-03-07 22:57:27.994557
528020,,Whole Farm,90.0,41.0,7.0,500 g,,2026-03-07 22:57:27.994557
504348,,Freshbury,43.0,36.0,2.0,250 g,,2026-03-07 22:57:27.995115
189833,,,34.0,29.0,2.0,400 g,,2026-03-07 22:57:27.995706
525538,,Whole Farm,140.0,79.0,3.0,100 g,,2026-03-07 22:57:27.995706
347342,,,47.0,40.0,2.0,200 g,,2026-03-07 22:57:27.996744
322036,,SPT,135.0,82.0,2.0,500 g,,2026-03-07 22:57:27.996744
328862,,SPT,240.0,141.0,2.0,1 kg,,2026-03-07 22:57:27.997273
5855,,,34.0,28.0,2.0,100 g,,2026-03-07 22:57:27.997848
526735,,Chukde,65.0,60.0,2.0,50 g,,2026-03-07 22:57:27.998540
653857,,Bhoomi Farms,47.0,39.0,1.0,500 g,,2026-03-07 22:57:27.999108
330330,,,28.0,25.0,1.0,250 g,,2026-03-07 22:57:27.999108
401935,,SPT,120.0,63.0,2.0,500 g,,2026-03-07 22:57:29.330328
10775,,MTR,98.0,98.0,1.0,180 g,,2026-03-07 22:57:29.331116
526236,,Whole Farm,100.0,90.0,2.0,200 g,,2026-03-07 22:57:29.331663
10771,,Heinz,199.0,199.0,1.0,415 g,,2026-03-07 22:57:29.331663
522516,,Zoff,60.0,57.0,3.0,100 g,,2026-03-07 22:57:29.332357
90680,,Mangat Ram,60.0,51.0,4.0,500 g,,2026-03-07 22:57:29.332357
370353,,,52.0,43.0,1.0,250 g,,2026-03-07 22:57:29.332892
568804,,,46.0,37.0,2.0,10 g,,2026-03-07 22:57:29.332892
447622,,,49.0,40.0,2.0,500 g,,2026-03-07 22:57:29.333758
647169,,Whole Farm,100.0,52.0,2.0,100 g,,2026-03-07 22:57:29.333758
506284,,Freshbury,189.0,159.0,1.0,125 g,,2026-03-07 22:57:29.334785
670083,,GreenTokri,349.0,309.0,2.0,315 g,,2026-03-07 22:57:29.334785
363224,,,65.0,51.0,4.0,100 g,,2026-03-07 22:57:30.741330
528021,,Whole Farm Grocery,154.0,77.0,1.0,1 kg,,2026-03-07 22:57:30.741330
568808,,,69.0,57.0,1.0,20 g,,2026-03-07 22:57:30.742349
680625,,Catch,75.0,64.0,1.0,100 g,,2026-03-07 22:57:30.742349
210308,,Chukde,75.0,58.0,1.0,100 g,,2026-03-07 22:57:30.742349
568832,,,54.0,46.0,1.0,100 g,,2026-03-07 22:57:30.742349
568797,,,36.0,29.0,3.0,10 g,,2026-03-07 22:57:30.743867
373657,,,45.0,35.0,3.0,25 g,,2026-03-07 22:57:30.743867
37284,,Rajdhani,107.0,90.0,3.0,1 kg,,2026-03-07 22:57:30.744603
525537,,Whole Farm,110.0,76.0,1.0,100 g,,2026-03-07 22:57:30.745113
512648,,4700BC,56.0,51.0,1.0,45 g,,2026-03-07 22:57:30.745113
16659,,24 Mantra Organic,120.0,71.0,1.0,100 g,,2026-03-07 22:57:30.745113
502583,,Freshbury,41.0,35.0,1.0,200 g,,2026-03-07 22:57:31.944311
131780,,Keya,139.0,123.0,1.0,12 g,,2026-03-07 22:57:31.945310
37285,,Rajdhani,55.0,49.0,1.0,500 g,,2026-03-07 22:57:31.945310
624991,,Whole Farm,60.0,30.0,1.0,200 g,,2026-03-07 22:57:31.945310
438114,,,76.0,63.0,1.0,500 g,,2026-03-07 22:57:31.945820
512649,,4700BC,56.0,51.0,1.0,45 g,,2026-03-07 22:57:31.945820
467772,,,55.0,46.0,2.0,500 g,,2026-03-07 22:57:31.945820
542140,,Snapin,119.0,111.0,1.0,45 g,,2026-03-07 22:57:31.945820
734096,,Curryit,119.0,89.0,1.0,120 g,,2026-03-07 22:57:31.946832
13367,,American Garden,165.0,146.0,1.0,420 g,,2026-03-07 22:57:31.946832
438034,,,42.0,36.0,2.0,200 g,,2026-03-07 22:57:31.946832
745221,,4700BC,60.0,53.0,1.0,45 g,,2026-03-07 22:57:31.946832
575664,,pastaZara,240.0,195.0,1.0,400 g,,2026-03-07 22:57:33.503550
725696,,Freshcon,100.0,60.0,1.0,220 g,,2026-03-07 22:57:33.503550
618848,,Mystiq Living,249.0,199.0,1.0,100 g,,2026-03-07 22:57:33.505077
575665,,pastaZara,240.0,212.0,1.0,400 g,,2026-03-07 22:57:33.505077
612773,,JK,65.0,56.0,1.0,100 g,,2026-03-07 22:57:33.505077
104362,,Abbie's,130.0,130.0,1.0,400 g,,2026-03-07 22:57:33.505797
568834,,,40.0,32.0,2.0,100 g,,2026-03-07 22:57:33.505797
603572,,Whole Farm,70.0,48.0,1.0,250 g,,2026-03-07 22:57:33.505797
526247,,Whole Farm,120.0,88.0,1.0,500 g,,2026-03-07 22:57:33.505797
725695,,Freshcon,80.0,47.0,1.0,250 g,,2026-03-07 22:57:33.506813
229382,,On1y,109.0,93.0,1.0,14 g,,2026-03-07 22:57:33.506813
549320,,Abbie's,99.0,99.0,1.0,400 g,,2026-03-07 22:57:33.506813
98804,,Cornitos Pop n Crunch,140.0,133.0,1.0,150 g,,2026-03-07 22:57:33.506813
554222,,Pluckk,159.0,144.0,3.0,250 ml,,2026-03-07 22:57:34.989483
554220,,Pluckk,109.0,99.0,1.0,250 ml,,2026-03-07 22:57:34.989483
554217,,Pluckk,159.0,144.0,2.0,250 ml,,2026-03-07 22:57:34.989483
554219,,Pluckk,109.0,99.0,1.0,250 ml,,2026-03-07 22:57:34.990480
546534,,Raw Pressery,150.0,120.0,2.0,750 ml,,2026-03-07 22:57:34.990480
548401,,Raw Pressery,300.0,237.0,1.0,2 x 750 ml,,2026-03-07 22:57:34.990480
